VonArm,NachArm,Von,Bis,Pkw,Krad,Rad,Lieferfzg,Lkw,Lastzug,Bus
1,2,10/12/2021 0:00,10/12/2021 0:15,0,0,0,0,0,0,0
1,3,10/12/2021 0:00,10/12/2021 0:15,3,0,0,0,0,0,0
1,4,10/12/2021 0:00,10/12/2021 0:15,0,0,0,0,0,0,0
2,1,10/12/2021 0:00,10/12/2021 0:15,0,0,0,0,0,0,0
2,3,10/12/2021 0:00,10/12/2021 0:15,0,0,0,0,0,0,0
2,4,10/12/2021 0:00,10/12/2021 0:15,1,0,0,0,0,0,0
3,1,10/12/2021 0:00,10/12/2021 0:15,5,0,0,0,0,0,0
3,2,10/12/2021 0:00,10/12/2021 0:15,0,0,0,0,0,0,0
3,4,10/12/2021 0:00,10/12/2021 0:15,1,0,0,0,0,0,0
4,1,10/12/2021 0:00,10/12/2021 0:15,0,0,0,0,0,0,0
4,2,10/12/2021 0:00,10/12/2021 0:15,0,0,0,0,0,0,0
4,3,10/12/2021 0:00,10/12/2021 0:15,0,0,0,0,0,0,0
1,2,10/12/2021 0:15,10/12/2021 0:30,0,0,0,0,0,0,0
1,3,10/12/2021 0:15,10/12/2021 0:30,1,0,0,0,0,0,0
1,4,10/12/2021 0:15,10/12/2021 0:30,0,0,0,0,0,0,0
2,1,10/12/2021 0:15,10/12/2021 0:30,0,0,0,0,0,0,0
2,3,10/12/2021 0:15,10/12/2021 0:30,0,0,0,0,0,0,0
2,4,10/12/2021 0:15,10/12/2021 0:30,1,0,0,0,0,0,0
3,1,10/12/2021 0:15,10/12/2021 0:30,2,0,0,0,0,0,0
3,2,10/12/2021 0:15,10/12/2021 0:30,0,0,0,0,0,0,0
3,4,10/12/2021 0:15,10/12/2021 0:30,2,0,0,0,0,0,0
4,1,10/12/2021 0:15,10/12/2021 0:30,1,0,0,0,0,0,0
4,2,10/12/2021 0:15,10/12/2021 0:30,0,0,0,0,0,0,0
4,3,10/12/2021 0:15,10/12/2021 0:30,1,0,0,0,0,0,0
1,2,10/12/2021 0:30,10/12/2021 0:45,0,0,0,0,0,0,0
1,3,10/12/2021 0:30,10/12/2021 0:45,1,0,0,0,0,0,0
1,4,10/12/2021 0:30,10/12/2021 0:45,0,0,0,0,0,0,0
2,1,10/12/2021 0:30,10/12/2021 0:45,0,0,0,0,0,0,0
2,3,10/12/2021 0:30,10/12/2021 0:45,1,0,0,0,0,0,0
2,4,10/12/2021 0:30,10/12/2021 0:45,0,0,0,0,0,0,0
3,1,10/12/2021 0:30,10/12/2021 0:45,2,0,0,0,0,0,0
3,2,10/12/2021 0:30,10/12/2021 0:45,0,0,0,0,0,0,0
3,4,10/12/2021 0:30,10/12/2021 0:45,1,0,0,0,0,0,0
4,1,10/12/2021 0:30,10/12/2021 0:45,0,0,0,0,0,0,0
4,2,10/12/2021 0:30,10/12/2021 0:45,0,0,0,0,0,0,0
4,3,10/12/2021 0:30,10/12/2021 0:45,1,0,0,0,0,0,0
1,2,10/12/2021 0:45,10/12/2021 1:00,0,0,0,0,0,0,0
1,3,10/12/2021 0:45,10/12/2021 1:00,4,0,0,0,0,0,0
1,4,10/12/2021 0:45,10/12/2021 1:00,2,0,0,0,0,0,0
2,1,10/12/2021 0:45,10/12/2021 1:00,0,0,0,0,0,0,0
2,3,10/12/2021 0:45,10/12/2021 1:00,0,0,0,0,0,0,0
2,4,10/12/2021 0:45,10/12/2021 1:00,0,0,0,0,0,0,0
3,1,10/12/2021 0:45,10/12/2021 1:00,3,0,0,0,0,0,0
3,2,10/12/2021 0:45,10/12/2021 1:00,0,0,0,0,0,0,0
3,4,10/12/2021 0:45,10/12/2021 1:00,1,0,0,0,0,0,0
4,1,10/12/2021 0:45,10/12/2021 1:00,0,0,0,0,0,0,0
4,2,10/12/2021 0:45,10/12/2021 1:00,0,0,0,0,0,0,0
4,3,10/12/2021 0:45,10/12/2021 1:00,3,0,1,0,0,0,0
1,2,10/12/2021 1:00,10/12/2021 1:15,0,0,0,0,0,0,0
1,3,10/12/2021 1:00,10/12/2021 1:15,0,0,0,0,0,0,0
1,4,10/12/2021 1:00,10/12/2021 1:15,0,0,0,0,0,0,0
2,1,10/12/2021 1:00,10/12/2021 1:15,0,0,0,0,0,0,0
2,3,10/12/2021 1:00,10/12/2021 1:15,0,0,0,0,0,0,0
2,4,10/12/2021 1:00,10/12/2021 1:15,0,0,0,0,0,0,0
3,1,10/12/2021 1:00,10/12/2021 1:15,2,0,0,0,0,0,0
3,2,10/12/2021 1:00,10/12/2021 1:15,0,0,0,0,0,0,0
3,4,10/12/2021 1:00,10/12/2021 1:15,0,0,0,0,0,0,0
4,1,10/12/2021 1:00,10/12/2021 1:15,0,0,0,0,0,0,0
4,2,10/12/2021 1:00,10/12/2021 1:15,0,0,0,0,0,0,0
4,3,10/12/2021 1:00,10/12/2021 1:15,1,0,0,0,0,0,0
1,2,10/12/2021 1:15,10/12/2021 1:30,0,0,0,0,0,0,0
1,3,10/12/2021 1:15,10/12/2021 1:30,1,0,0,0,0,0,0
1,4,10/12/2021 1:15,10/12/2021 1:30,0,0,0,0,0,0,0
2,1,10/12/2021 1:15,10/12/2021 1:30,0,0,0,0,0,0,0
2,3,10/12/2021 1:15,10/12/2021 1:30,1,0,0,0,0,0,0
2,4,10/12/2021 1:15,10/12/2021 1:30,1,0,0,0,0,0,0
3,1,10/12/2021 1:15,10/12/2021 1:30,0,0,0,0,0,0,0
3,2,10/12/2021 1:15,10/12/2021 1:30,1,0,0,0,0,0,0
3,4,10/12/2021 1:15,10/12/2021 1:30,0,0,0,0,0,0,0
4,1,10/12/2021 1:15,10/12/2021 1:30,1,0,0,0,0,0,0
4,2,10/12/2021 1:15,10/12/2021 1:30,0,0,0,0,0,0,0
4,3,10/12/2021 1:15,10/12/2021 1:30,2,0,0,0,0,0,0
1,2,10/12/2021 1:30,10/12/2021 1:45,0,0,0,0,0,0,0
1,3,10/12/2021 1:30,10/12/2021 1:45,1,0,0,0,0,0,0
1,4,10/12/2021 1:30,10/12/2021 1:45,0,0,0,1,0,0,0
2,1,10/12/2021 1:30,10/12/2021 1:45,0,0,0,0,0,0,0
2,3,10/12/2021 1:30,10/12/2021 1:45,0,0,0,0,0,0,0
2,4,10/12/2021 1:30,10/12/2021 1:45,0,0,0,0,0,0,0
3,1,10/12/2021 1:30,10/12/2021 1:45,0,0,0,0,0,0,0
3,2,10/12/2021 1:30,10/12/2021 1:45,0,0,0,0,0,0,0
3,4,10/12/2021 1:30,10/12/2021 1:45,3,0,0,0,0,0,0
4,1,10/12/2021 1:30,10/12/2021 1:45,0,0,0,0,0,0,0
4,2,10/12/2021 1:30,10/12/2021 1:45,0,0,0,0,0,0,0
4,3,10/12/2021 1:30,10/12/2021 1:45,1,0,0,0,0,0,0
1,2,10/12/2021 1:45,10/12/2021 2:00,0,0,0,0,0,0,0
1,3,10/12/2021 1:45,10/12/2021 2:00,1,0,0,0,0,0,0
1,4,10/12/2021 1:45,10/12/2021 2:00,0,0,0,0,0,0,0
2,1,10/12/2021 1:45,10/12/2021 2:00,0,0,0,0,0,0,0
2,3,10/12/2021 1:45,10/12/2021 2:00,0,0,0,0,0,0,0
2,4,10/12/2021 1:45,10/12/2021 2:00,0,0,0,0,0,0,0
3,1,10/12/2021 1:45,10/12/2021 2:00,0,0,0,0,0,0,0
3,2,10/12/2021 1:45,10/12/2021 2:00,0,0,0,0,0,0,0
3,4,10/12/2021 1:45,10/12/2021 2:00,0,0,0,0,0,0,0
4,1,10/12/2021 1:45,10/12/2021 2:00,2,0,0,0,0,0,0
4,2,10/12/2021 1:45,10/12/2021 2:00,0,0,0,0,0,0,0
4,3,10/12/2021 1:45,10/12/2021 2:00,0,0,0,0,0,0,0
1,2,10/12/2021 2:00,10/12/2021 2:15,0,0,0,0,0,0,0
1,3,10/12/2021 2:00,10/12/2021 2:15,0,0,0,0,0,0,0
1,4,10/12/2021 2:00,10/12/2021 2:15,0,0,0,0,0,0,0
2,1,10/12/2021 2:00,10/12/2021 2:15,0,0,0,0,0,0,0
2,3,10/12/2021 2:00,10/12/2021 2:15,0,0,0,0,0,0,0
2,4,10/12/2021 2:00,10/12/2021 2:15,0,0,0,0,0,0,0
3,1,10/12/2021 2:00,10/12/2021 2:15,3,0,0,0,0,0,0
3,2,10/12/2021 2:00,10/12/2021 2:15,0,0,0,0,0,0,0
3,4,10/12/2021 2:00,10/12/2021 2:15,0,0,0,0,0,0,0
4,1,10/12/2021 2:00,10/12/2021 2:15,0,0,0,0,0,0,0
4,2,10/12/2021 2:00,10/12/2021 2:15,0,0,0,0,0,0,0
4,3,10/12/2021 2:00,10/12/2021 2:15,3,0,0,0,0,0,0
1,2,10/12/2021 2:15,10/12/2021 2:30,0,0,0,0,0,0,0
1,3,10/12/2021 2:15,10/12/2021 2:30,0,0,0,0,0,0,0
1,4,10/12/2021 2:15,10/12/2021 2:30,0,0,0,0,0,0,0
2,1,10/12/2021 2:15,10/12/2021 2:30,0,0,0,0,0,0,0
2,3,10/12/2021 2:15,10/12/2021 2:30,0,0,0,0,0,0,0
2,4,10/12/2021 2:15,10/12/2021 2:30,0,0,0,0,0,0,0
3,1,10/12/2021 2:15,10/12/2021 2:30,1,0,0,1,0,0,0
3,2,10/12/2021 2:15,10/12/2021 2:30,0,0,0,0,0,0,0
3,4,10/12/2021 2:15,10/12/2021 2:30,1,0,0,0,0,0,0
4,1,10/12/2021 2:15,10/12/2021 2:30,1,0,0,0,0,0,0
4,2,10/12/2021 2:15,10/12/2021 2:30,0,0,0,0,0,0,0
4,3,10/12/2021 2:15,10/12/2021 2:30,0,0,0,0,0,0,0
1,2,10/12/2021 2:30,10/12/2021 2:45,0,0,0,0,0,0,0
1,3,10/12/2021 2:30,10/12/2021 2:45,2,0,0,0,0,0,0
1,4,10/12/2021 2:30,10/12/2021 2:45,0,0,0,0,0,0,0
2,1,10/12/2021 2:30,10/12/2021 2:45,0,0,0,0,0,0,0
2,3,10/12/2021 2:30,10/12/2021 2:45,0,0,0,0,0,0,0
2,4,10/12/2021 2:30,10/12/2021 2:45,0,0,0,0,0,0,0
3,1,10/12/2021 2:30,10/12/2021 2:45,0,0,0,0,0,0,0
3,2,10/12/2021 2:30,10/12/2021 2:45,0,0,0,0,0,0,0
3,4,10/12/2021 2:30,10/12/2021 2:45,3,0,0,0,0,0,0
4,1,10/12/2021 2:30,10/12/2021 2:45,1,0,0,0,0,0,0
4,2,10/12/2021 2:30,10/12/2021 2:45,0,0,0,0,0,0,0
4,3,10/12/2021 2:30,10/12/2021 2:45,0,0,0,0,0,0,0
1,2,10/12/2021 2:45,10/12/2021 3:00,0,0,0,0,0,0,0
1,3,10/12/2021 2:45,10/12/2021 3:00,0,0,0,1,0,0,0
1,4,10/12/2021 2:45,10/12/2021 3:00,0,0,0,0,0,0,0
2,1,10/12/2021 2:45,10/12/2021 3:00,0,0,0,0,0,0,0
2,3,10/12/2021 2:45,10/12/2021 3:00,0,0,0,0,0,0,0
2,4,10/12/2021 2:45,10/12/2021 3:00,0,0,0,0,0,0,0
3,1,10/12/2021 2:45,10/12/2021 3:00,0,0,0,0,0,0,0
3,2,10/12/2021 2:45,10/12/2021 3:00,0,0,0,0,0,0,0
3,4,10/12/2021 2:45,10/12/2021 3:00,0,0,0,0,0,0,0
4,1,10/12/2021 2:45,10/12/2021 3:00,0,0,0,0,0,0,0
4,2,10/12/2021 2:45,10/12/2021 3:00,0,0,0,0,0,0,0
4,3,10/12/2021 2:45,10/12/2021 3:00,0,0,0,0,0,0,0
1,2,10/12/2021 3:00,10/12/2021 3:15,0,0,0,0,0,0,0
1,3,10/12/2021 3:00,10/12/2021 3:15,0,0,0,0,0,0,0
1,4,10/12/2021 3:00,10/12/2021 3:15,0,0,0,0,0,0,0
2,1,10/12/2021 3:00,10/12/2021 3:15,1,0,0,0,0,0,0
2,3,10/12/2021 3:00,10/12/2021 3:15,0,0,0,0,0,0,0
2,4,10/12/2021 3:00,10/12/2021 3:15,0,0,0,0,0,0,0
3,1,10/12/2021 3:00,10/12/2021 3:15,2,0,0,0,0,0,0
3,2,10/12/2021 3:00,10/12/2021 3:15,0,0,0,0,0,0,0
3,4,10/12/2021 3:00,10/12/2021 3:15,0,0,0,0,0,0,0
4,1,10/12/2021 3:00,10/12/2021 3:15,0,0,0,0,0,0,0
4,2,10/12/2021 3:00,10/12/2021 3:15,0,0,0,0,0,0,0
4,3,10/12/2021 3:00,10/12/2021 3:15,0,0,0,0,0,0,0
1,2,10/12/2021 3:15,10/12/2021 3:30,0,0,0,0,0,0,0
1,3,10/12/2021 3:15,10/12/2021 3:30,0,0,0,0,0,0,0
1,4,10/12/2021 3:15,10/12/2021 3:30,0,0,0,0,0,0,0
2,1,10/12/2021 3:15,10/12/2021 3:30,0,0,0,0,0,0,0
2,3,10/12/2021 3:15,10/12/2021 3:30,0,0,0,0,0,0,0
2,4,10/12/2021 3:15,10/12/2021 3:30,0,0,0,0,0,0,0
3,1,10/12/2021 3:15,10/12/2021 3:30,0,0,0,0,0,0,0
3,2,10/12/2021 3:15,10/12/2021 3:30,0,0,0,0,0,0,0
3,4,10/12/2021 3:15,10/12/2021 3:30,1,0,0,0,0,0,0
4,1,10/12/2021 3:15,10/12/2021 3:30,1,0,0,0,0,0,0
4,2,10/12/2021 3:15,10/12/2021 3:30,0,0,0,0,0,0,0
4,3,10/12/2021 3:15,10/12/2021 3:30,1,0,0,0,0,0,0
1,2,10/12/2021 3:30,10/12/2021 3:45,1,0,0,0,0,0,0
1,3,10/12/2021 3:30,10/12/2021 3:45,0,0,0,0,0,0,0
1,4,10/12/2021 3:30,10/12/2021 3:45,0,0,0,0,0,0,0
2,1,10/12/2021 3:30,10/12/2021 3:45,0,0,0,0,0,0,0
2,3,10/12/2021 3:30,10/12/2021 3:45,1,0,0,0,0,0,0
2,4,10/12/2021 3:30,10/12/2021 3:45,0,0,0,0,0,0,0
3,1,10/12/2021 3:30,10/12/2021 3:45,0,0,0,0,0,0,0
3,2,10/12/2021 3:30,10/12/2021 3:45,0,0,0,0,0,0,0
3,4,10/12/2021 3:30,10/12/2021 3:45,1,0,0,0,0,0,0
4,1,10/12/2021 3:30,10/12/2021 3:45,0,0,0,0,0,0,0
4,2,10/12/2021 3:30,10/12/2021 3:45,0,0,0,0,0,0,0
4,3,10/12/2021 3:30,10/12/2021 3:45,0,0,0,0,0,0,0
1,2,10/12/2021 3:45,10/12/2021 4:00,0,0,0,0,0,0,0
1,3,10/12/2021 3:45,10/12/2021 4:00,0,0,0,0,0,0,0
1,4,10/12/2021 3:45,10/12/2021 4:00,0,0,0,1,0,0,0
2,1,10/12/2021 3:45,10/12/2021 4:00,0,0,0,0,0,0,0
2,3,10/12/2021 3:45,10/12/2021 4:00,0,0,0,0,0,0,0
2,4,10/12/2021 3:45,10/12/2021 4:00,0,0,0,0,0,0,0
3,1,10/12/2021 3:45,10/12/2021 4:00,1,0,0,0,0,0,0
3,2,10/12/2021 3:45,10/12/2021 4:00,0,0,0,0,0,0,0
3,4,10/12/2021 3:45,10/12/2021 4:00,0,0,0,0,0,0,0
4,1,10/12/2021 3:45,10/12/2021 4:00,0,0,0,0,0,0,0
4,2,10/12/2021 3:45,10/12/2021 4:00,0,0,0,0,0,0,0
4,3,10/12/2021 3:45,10/12/2021 4:00,0,0,0,1,0,0,0
1,2,10/12/2021 4:00,10/12/2021 4:15,0,0,0,0,0,0,0
1,3,10/12/2021 4:00,10/12/2021 4:15,2,0,0,0,0,0,0
1,4,10/12/2021 4:00,10/12/2021 4:15,0,0,0,0,0,0,0
2,1,10/12/2021 4:00,10/12/2021 4:15,0,0,0,0,0,0,0
2,3,10/12/2021 4:00,10/12/2021 4:15,0,0,0,0,0,0,0
2,4,10/12/2021 4:00,10/12/2021 4:15,0,0,0,0,0,0,0
3,1,10/12/2021 4:00,10/12/2021 4:15,1,0,0,0,0,0,1
3,2,10/12/2021 4:00,10/12/2021 4:15,0,0,0,0,0,0,0
3,4,10/12/2021 4:00,10/12/2021 4:15,1,0,0,0,0,0,0
4,1,10/12/2021 4:00,10/12/2021 4:15,0,0,0,0,0,0,0
4,2,10/12/2021 4:00,10/12/2021 4:15,0,0,0,0,0,0,0
4,3,10/12/2021 4:00,10/12/2021 4:15,2,0,0,0,0,0,0
1,2,10/12/2021 4:15,10/12/2021 4:30,0,0,0,0,0,0,0
1,3,10/12/2021 4:15,10/12/2021 4:30,3,0,0,0,0,0,0
1,4,10/12/2021 4:15,10/12/2021 4:30,1,0,0,0,0,0,0
2,1,10/12/2021 4:15,10/12/2021 4:30,0,0,0,0,0,0,0
2,3,10/12/2021 4:15,10/12/2021 4:30,0,0,0,0,0,0,0
2,4,10/12/2021 4:15,10/12/2021 4:30,0,0,0,0,0,0,0
3,1,10/12/2021 4:15,10/12/2021 4:30,1,0,0,1,0,0,0
3,2,10/12/2021 4:15,10/12/2021 4:30,0,0,0,0,0,0,0
3,4,10/12/2021 4:15,10/12/2021 4:30,0,0,0,0,0,0,0
4,1,10/12/2021 4:15,10/12/2021 4:30,1,0,0,0,0,0,0
4,2,10/12/2021 4:15,10/12/2021 4:30,0,0,0,0,0,0,0
4,3,10/12/2021 4:15,10/12/2021 4:30,1,0,0,0,0,0,0
1,2,10/12/2021 4:30,10/12/2021 4:45,0,0,0,0,0,0,0
1,3,10/12/2021 4:30,10/12/2021 4:45,3,0,0,1,0,0,0
1,4,10/12/2021 4:30,10/12/2021 4:45,1,0,0,0,0,0,0
2,1,10/12/2021 4:30,10/12/2021 4:45,0,0,0,0,0,0,0
2,3,10/12/2021 4:30,10/12/2021 4:45,0,0,0,0,0,0,0
2,4,10/12/2021 4:30,10/12/2021 4:45,1,0,0,0,0,0,0
3,1,10/12/2021 4:30,10/12/2021 4:45,0,0,0,0,0,0,0
3,2,10/12/2021 4:30,10/12/2021 4:45,0,0,0,0,0,0,0
3,4,10/12/2021 4:30,10/12/2021 4:45,1,0,0,0,0,0,0
4,1,10/12/2021 4:30,10/12/2021 4:45,1,0,0,0,0,0,0
4,2,10/12/2021 4:30,10/12/2021 4:45,0,0,0,0,0,0,0
4,3,10/12/2021 4:30,10/12/2021 4:45,0,0,0,0,0,0,0
1,2,10/12/2021 4:45,10/12/2021 5:00,0,0,0,0,0,0,0
1,3,10/12/2021 4:45,10/12/2021 5:00,2,0,0,0,0,0,0
1,4,10/12/2021 4:45,10/12/2021 5:00,1,0,0,0,0,0,0
2,1,10/12/2021 4:45,10/12/2021 5:00,0,0,0,0,0,0,0
2,3,10/12/2021 4:45,10/12/2021 5:00,0,0,0,0,0,0,0
2,4,10/12/2021 4:45,10/12/2021 5:00,0,0,0,0,0,0,0
3,1,10/12/2021 4:45,10/12/2021 5:00,5,0,0,0,0,0,1
3,2,10/12/2021 4:45,10/12/2021 5:00,0,0,0,0,0,0,0
3,4,10/12/2021 4:45,10/12/2021 5:00,1,0,0,0,0,0,0
4,1,10/12/2021 4:45,10/12/2021 5:00,0,0,0,0,0,0,0
4,2,10/12/2021 4:45,10/12/2021 5:00,0,0,0,0,0,0,0
4,3,10/12/2021 4:45,10/12/2021 5:00,1,0,0,0,0,0,0
1,2,10/12/2021 5:00,10/12/2021 5:15,1,0,0,0,0,0,0
1,3,10/12/2021 5:00,10/12/2021 5:15,10,0,0,0,0,0,1
1,4,10/12/2021 5:00,10/12/2021 5:15,3,0,0,0,0,0,0
2,1,10/12/2021 5:00,10/12/2021 5:15,0,0,0,0,0,0,0
2,3,10/12/2021 5:00,10/12/2021 5:15,1,0,0,0,0,0,0
2,4,10/12/2021 5:00,10/12/2021 5:15,2,0,0,0,0,0,0
3,1,10/12/2021 5:00,10/12/2021 5:15,0,0,0,0,0,0,0
3,2,10/12/2021 5:00,10/12/2021 5:15,1,0,0,0,0,0,0
3,4,10/12/2021 5:00,10/12/2021 5:15,0,0,0,0,0,0,0
4,1,10/12/2021 5:00,10/12/2021 5:15,4,0,0,0,0,0,0
4,2,10/12/2021 5:00,10/12/2021 5:15,1,0,0,0,0,0,0
4,3,10/12/2021 5:00,10/12/2021 5:15,0,0,1,0,0,0,1
1,2,10/12/2021 5:15,10/12/2021 5:30,0,0,0,0,0,0,0
1,3,10/12/2021 5:15,10/12/2021 5:30,19,0,0,1,0,0,0
1,4,10/12/2021 5:15,10/12/2021 5:30,4,0,0,0,0,0,0
2,1,10/12/2021 5:15,10/12/2021 5:30,0,0,0,0,0,0,0
2,3,10/12/2021 5:15,10/12/2021 5:30,4,1,0,0,0,0,0
2,4,10/12/2021 5:15,10/12/2021 5:30,2,0,0,0,0,0,0
3,1,10/12/2021 5:15,10/12/2021 5:30,4,1,0,0,0,0,0
3,2,10/12/2021 5:15,10/12/2021 5:30,1,0,0,0,0,0,0
3,4,10/12/2021 5:15,10/12/2021 5:30,7,0,0,0,0,0,0
4,1,10/12/2021 5:15,10/12/2021 5:30,2,0,0,0,0,0,0
4,2,10/12/2021 5:15,10/12/2021 5:30,1,0,0,0,0,0,0
4,3,10/12/2021 5:15,10/12/2021 5:30,2,0,0,0,0,0,0
1,2,10/12/2021 5:30,10/12/2021 5:45,1,0,0,0,0,0,0
1,3,10/12/2021 5:30,10/12/2021 5:45,17,1,0,0,0,0,0
1,4,10/12/2021 5:30,10/12/2021 5:45,15,0,0,0,0,0,0
2,1,10/12/2021 5:30,10/12/2021 5:45,0,0,0,0,0,0,0
2,3,10/12/2021 5:30,10/12/2021 5:45,5,0,0,0,0,0,0
2,4,10/12/2021 5:30,10/12/2021 5:45,3,0,0,0,0,0,0
3,1,10/12/2021 5:30,10/12/2021 5:45,6,0,0,0,0,0,1
3,2,10/12/2021 5:30,10/12/2021 5:45,1,0,0,0,0,0,0
3,4,10/12/2021 5:30,10/12/2021 5:45,48,0,0,0,0,0,2
4,1,10/12/2021 5:30,10/12/2021 5:45,3,0,0,0,0,0,0
4,2,10/12/2021 5:30,10/12/2021 5:45,1,0,0,0,0,0,0
4,3,10/12/2021 5:30,10/12/2021 5:45,5,0,0,0,0,0,1
1,2,10/12/2021 5:45,10/12/2021 6:00,1,0,0,0,0,0,0
1,3,10/12/2021 5:45,10/12/2021 6:00,18,0,0,1,0,0,1
1,4,10/12/2021 5:45,10/12/2021 6:00,6,0,0,1,0,0,0
2,1,10/12/2021 5:45,10/12/2021 6:00,0,0,0,0,0,0,0
2,3,10/12/2021 5:45,10/12/2021 6:00,4,0,0,0,0,0,0
2,4,10/12/2021 5:45,10/12/2021 6:00,2,0,0,0,0,0,0
3,1,10/12/2021 5:45,10/12/2021 6:00,1,0,0,3,1,0,0
3,2,10/12/2021 5:45,10/12/2021 6:00,1,0,0,0,0,0,0
3,4,10/12/2021 5:45,10/12/2021 6:00,36,0,0,0,1,0,0
4,1,10/12/2021 5:45,10/12/2021 6:00,1,0,0,0,0,0,0
4,2,10/12/2021 5:45,10/12/2021 6:00,1,0,0,0,0,0,0
4,3,10/12/2021 5:45,10/12/2021 6:00,9,0,0,0,1,1,2
1,2,10/12/2021 6:00,10/12/2021 6:15,0,0,0,0,0,0,0
1,3,10/12/2021 6:00,10/12/2021 6:15,17,0,0,0,1,0,1
1,4,10/12/2021 6:00,10/12/2021 6:15,7,0,0,3,0,0,0
2,1,10/12/2021 6:00,10/12/2021 6:15,1,0,0,0,0,0,0
2,3,10/12/2021 6:00,10/12/2021 6:15,1,0,0,0,0,0,0
2,4,10/12/2021 6:00,10/12/2021 6:15,0,0,0,0,0,0,0
3,1,10/12/2021 6:00,10/12/2021 6:15,3,0,0,0,2,0,2
3,2,10/12/2021 6:00,10/12/2021 6:15,3,0,0,0,0,0,0
3,4,10/12/2021 6:00,10/12/2021 6:15,11,0,0,0,0,0,1
4,1,10/12/2021 6:00,10/12/2021 6:15,5,0,0,1,0,0,0
4,2,10/12/2021 6:00,10/12/2021 6:15,0,0,0,0,0,0,0
4,3,10/12/2021 6:00,10/12/2021 6:15,2,0,0,0,0,0,1
1,2,10/12/2021 6:15,10/12/2021 6:30,2,0,0,0,0,0,0
1,3,10/12/2021 6:15,10/12/2021 6:30,22,0,0,2,0,0,1
1,4,10/12/2021 6:15,10/12/2021 6:30,9,0,0,0,2,0,0
2,1,10/12/2021 6:15,10/12/2021 6:30,0,0,0,0,0,0,0
2,3,10/12/2021 6:15,10/12/2021 6:30,4,0,0,0,0,0,0
2,4,10/12/2021 6:15,10/12/2021 6:30,3,0,1,0,0,0,0
3,1,10/12/2021 6:15,10/12/2021 6:30,14,0,0,1,0,0,0
3,2,10/12/2021 6:15,10/12/2021 6:30,2,0,0,0,1,0,0
3,4,10/12/2021 6:15,10/12/2021 6:30,18,1,0,0,0,0,2
4,1,10/12/2021 6:15,10/12/2021 6:30,1,0,0,0,0,0,0
4,2,10/12/2021 6:15,10/12/2021 6:30,0,0,0,0,0,0,0
4,3,10/12/2021 6:15,10/12/2021 6:30,6,0,0,0,0,0,1
1,2,10/12/2021 6:30,10/12/2021 6:45,0,0,0,0,0,0,0
1,3,10/12/2021 6:30,10/12/2021 6:45,44,0,1,7,1,0,1
1,4,10/12/2021 6:30,10/12/2021 6:45,10,0,0,0,0,0,0
2,1,10/12/2021 6:30,10/12/2021 6:45,0,0,0,0,0,0,0
2,3,10/12/2021 6:30,10/12/2021 6:45,4,0,0,0,0,0,0
2,4,10/12/2021 6:30,10/12/2021 6:45,6,0,1,0,0,0,1
3,1,10/12/2021 6:30,10/12/2021 6:45,5,0,0,1,1,0,1
3,2,10/12/2021 6:30,10/12/2021 6:45,3,0,0,1,0,0,0
3,4,10/12/2021 6:30,10/12/2021 6:45,50,1,0,2,1,0,2
4,1,10/12/2021 6:30,10/12/2021 6:45,1,0,0,0,0,0,0
4,2,10/12/2021 6:30,10/12/2021 6:45,3,0,0,0,0,0,0
4,3,10/12/2021 6:30,10/12/2021 6:45,15,0,0,1,0,0,3
1,2,10/12/2021 6:45,10/12/2021 7:00,2,0,0,0,1,0,0
1,3,10/12/2021 6:45,10/12/2021 7:00,28,0,1,7,1,0,0
1,4,10/12/2021 6:45,10/12/2021 7:00,14,0,0,2,0,0,0
2,1,10/12/2021 6:45,10/12/2021 7:00,2,0,0,0,0,0,0
2,3,10/12/2021 6:45,10/12/2021 7:00,3,0,0,0,0,0,0
2,4,10/12/2021 6:45,10/12/2021 7:00,3,0,0,0,0,0,0
3,1,10/12/2021 6:45,10/12/2021 7:00,12,0,0,1,0,0,1
3,2,10/12/2021 6:45,10/12/2021 7:00,4,0,0,1,0,0,0
3,4,10/12/2021 6:45,10/12/2021 7:00,61,0,0,2,2,0,0
4,1,10/12/2021 6:45,10/12/2021 7:00,8,0,0,0,1,0,0
4,2,10/12/2021 6:45,10/12/2021 7:00,2,0,0,0,0,0,0
4,3,10/12/2021 6:45,10/12/2021 7:00,26,0,0,0,0,0,2
1,2,10/12/2021 7:00,10/12/2021 7:15,0,0,0,0,0,0,0
1,3,10/12/2021 7:00,10/12/2021 7:15,50,0,1,2,1,0,1
1,4,10/12/2021 7:00,10/12/2021 7:15,27,0,0,1,0,0,0
2,1,10/12/2021 7:00,10/12/2021 7:15,0,0,0,0,0,0,0
2,3,10/12/2021 7:00,10/12/2021 7:15,9,0,0,1,1,0,0
2,4,10/12/2021 7:00,10/12/2021 7:15,5,0,1,0,0,0,0
3,1,10/12/2021 7:00,10/12/2021 7:15,12,0,0,1,1,0,1
3,2,10/12/2021 7:00,10/12/2021 7:15,1,0,0,0,1,0,0
3,4,10/12/2021 7:00,10/12/2021 7:15,62,0,0,1,0,0,2
4,1,10/12/2021 7:00,10/12/2021 7:15,4,0,0,1,0,0,0
4,2,10/12/2021 7:00,10/12/2021 7:15,0,0,0,0,0,0,0
4,3,10/12/2021 7:00,10/12/2021 7:15,19,0,0,1,2,0,2
1,2,10/12/2021 7:15,10/12/2021 7:30,0,0,0,0,0,0,0
1,3,10/12/2021 7:15,10/12/2021 7:30,69,0,1,4,1,0,1
1,4,10/12/2021 7:15,10/12/2021 7:30,29,0,0,1,0,0,0
2,1,10/12/2021 7:15,10/12/2021 7:30,4,0,0,0,1,0,0
2,3,10/12/2021 7:15,10/12/2021 7:30,11,0,0,0,0,0,0
2,4,10/12/2021 7:15,10/12/2021 7:30,15,0,0,3,0,0,0
3,1,10/12/2021 7:15,10/12/2021 7:30,22,0,0,10,1,0,1
3,2,10/12/2021 7:15,10/12/2021 7:30,4,0,0,0,0,0,0
3,4,10/12/2021 7:15,10/12/2021 7:30,74,0,0,0,0,1,1
4,1,10/12/2021 7:15,10/12/2021 7:30,5,0,0,0,0,0,1
4,2,10/12/2021 7:15,10/12/2021 7:30,0,0,0,0,0,0,0
4,3,10/12/2021 7:15,10/12/2021 7:30,14,0,0,0,2,0,2
1,2,10/12/2021 7:30,10/12/2021 7:45,1,0,0,0,0,0,0
1,3,10/12/2021 7:30,10/12/2021 7:45,116,0,0,5,2,0,1
1,4,10/12/2021 7:30,10/12/2021 7:45,30,0,0,1,0,0,2
2,1,10/12/2021 7:30,10/12/2021 7:45,3,0,0,0,0,0,0
2,3,10/12/2021 7:30,10/12/2021 7:45,9,0,0,1,0,0,0
2,4,10/12/2021 7:30,10/12/2021 7:45,10,0,0,0,1,0,0
3,1,10/12/2021 7:30,10/12/2021 7:45,15,0,0,1,1,0,1
3,2,10/12/2021 7:30,10/12/2021 7:45,6,0,0,1,0,0,0
3,4,10/12/2021 7:30,10/12/2021 7:45,68,1,0,2,3,0,1
4,1,10/12/2021 7:30,10/12/2021 7:45,4,0,0,0,0,0,0
4,2,10/12/2021 7:30,10/12/2021 7:45,6,0,1,0,0,0,0
4,3,10/12/2021 7:30,10/12/2021 7:45,13,0,0,0,1,0,2
1,2,10/12/2021 7:45,10/12/2021 8:00,2,0,0,0,0,0,0
1,3,10/12/2021 7:45,10/12/2021 8:00,66,1,0,3,1,0,3
1,4,10/12/2021 7:45,10/12/2021 8:00,25,0,0,0,0,0,0
2,1,10/12/2021 7:45,10/12/2021 8:00,4,0,0,0,0,0,0
2,3,10/12/2021 7:45,10/12/2021 8:00,11,0,0,2,0,1,1
2,4,10/12/2021 7:45,10/12/2021 8:00,19,0,0,0,0,0,0
3,1,10/12/2021 7:45,10/12/2021 8:00,21,0,0,3,1,1,1
3,2,10/12/2021 7:45,10/12/2021 8:00,5,0,0,0,0,0,0
3,4,10/12/2021 7:45,10/12/2021 8:00,69,1,0,1,2,0,2
4,1,10/12/2021 7:45,10/12/2021 8:00,9,0,0,0,0,0,0
4,2,10/12/2021 7:45,10/12/2021 8:00,2,0,0,0,0,0,0
4,3,10/12/2021 7:45,10/12/2021 8:00,16,0,1,0,2,0,3
1,2,10/12/2021 8:00,10/12/2021 8:15,1,0,0,0,0,0,0
1,3,10/12/2021 8:00,10/12/2021 8:15,54,0,1,2,1,1,2
1,4,10/12/2021 8:00,10/12/2021 8:15,7,0,0,1,0,0,0
2,1,10/12/2021 8:00,10/12/2021 8:15,2,0,0,0,0,0,0
2,3,10/12/2021 8:00,10/12/2021 8:15,9,0,0,1,0,0,0
2,4,10/12/2021 8:00,10/12/2021 8:15,9,0,1,1,0,0,1
3,1,10/12/2021 8:00,10/12/2021 8:15,20,0,0,2,2,0,1
3,2,10/12/2021 8:00,10/12/2021 8:15,4,0,0,0,0,0,0
3,4,10/12/2021 8:00,10/12/2021 8:15,54,1,0,1,1,0,1
4,1,10/12/2021 8:00,10/12/2021 8:15,2,0,0,0,0,0,0
4,2,10/12/2021 8:00,10/12/2021 8:15,4,1,0,0,0,0,0
4,3,10/12/2021 8:00,10/12/2021 8:15,23,0,1,2,0,0,2
1,2,10/12/2021 8:15,10/12/2021 8:30,2,0,0,0,0,0,0
1,3,10/12/2021 8:15,10/12/2021 8:30,38,0,0,4,0,0,1
1,4,10/12/2021 8:15,10/12/2021 8:30,14,0,0,0,0,0,1
2,1,10/12/2021 8:15,10/12/2021 8:30,0,0,0,0,0,0,0
2,3,10/12/2021 8:15,10/12/2021 8:30,2,0,0,0,2,0,0
2,4,10/12/2021 8:15,10/12/2021 8:30,5,0,0,0,0,0,0
3,1,10/12/2021 8:15,10/12/2021 8:30,29,0,0,3,1,0,2
3,2,10/12/2021 8:15,10/12/2021 8:30,5,0,0,0,1,0,0
3,4,10/12/2021 8:15,10/12/2021 8:30,44,0,0,1,1,0,2
4,1,10/12/2021 8:15,10/12/2021 8:30,3,0,0,1,0,0,0
4,2,10/12/2021 8:15,10/12/2021 8:30,1,0,0,0,0,0,0
4,3,10/12/2021 8:15,10/12/2021 8:30,12,0,0,1,1,0,3
1,2,10/12/2021 8:30,10/12/2021 8:45,1,0,0,0,0,0,0
1,3,10/12/2021 8:30,10/12/2021 8:45,55,0,0,5,2,2,2
1,4,10/12/2021 8:30,10/12/2021 8:45,15,0,0,0,0,0,0
2,1,10/12/2021 8:30,10/12/2021 8:45,0,0,0,0,0,0,0
2,3,10/12/2021 8:30,10/12/2021 8:45,8,0,0,1,0,0,1
2,4,10/12/2021 8:30,10/12/2021 8:45,7,0,0,0,0,0,0
3,1,10/12/2021 8:30,10/12/2021 8:45,27,0,0,1,1,1,0
3,2,10/12/2021 8:30,10/12/2021 8:45,4,0,0,1,0,0,0
3,4,10/12/2021 8:30,10/12/2021 8:45,73,1,0,3,1,0,1
4,1,10/12/2021 8:30,10/12/2021 8:45,7,0,0,0,1,0,0
4,2,10/12/2021 8:30,10/12/2021 8:45,2,0,0,0,0,0,0
4,3,10/12/2021 8:30,10/12/2021 8:45,16,1,0,1,1,0,2
1,2,10/12/2021 8:45,10/12/2021 9:00,1,0,0,0,0,0,0
1,3,10/12/2021 8:45,10/12/2021 9:00,46,0,0,3,2,0,0
1,4,10/12/2021 8:45,10/12/2021 9:00,12,0,0,0,0,0,1
2,1,10/12/2021 8:45,10/12/2021 9:00,4,0,0,0,0,0,0
2,3,10/12/2021 8:45,10/12/2021 9:00,6,0,0,0,0,0,0
2,4,10/12/2021 8:45,10/12/2021 9:00,1,0,0,0,0,0,0
3,1,10/12/2021 8:45,10/12/2021 9:00,32,0,0,7,0,0,1
3,2,10/12/2021 8:45,10/12/2021 9:00,7,0,0,1,0,0,0
3,4,10/12/2021 8:45,10/12/2021 9:00,57,1,1,1,1,0,1
4,1,10/12/2021 8:45,10/12/2021 9:00,8,0,0,2,0,0,0
4,2,10/12/2021 8:45,10/12/2021 9:00,4,0,0,0,0,0,0
4,3,10/12/2021 8:45,10/12/2021 9:00,28,0,1,2,3,0,2
1,2,10/12/2021 9:00,10/12/2021 9:15,1,0,0,0,0,0,0
1,3,10/12/2021 9:00,10/12/2021 9:15,48,0,0,2,2,0,1
1,4,10/12/2021 9:00,10/12/2021 9:15,12,0,0,1,0,0,0
2,1,10/12/2021 9:00,10/12/2021 9:15,2,0,0,0,0,0,0
2,3,10/12/2021 9:00,10/12/2021 9:15,4,0,0,0,0,0,0
2,4,10/12/2021 9:00,10/12/2021 9:15,3,0,0,0,0,0,0
3,1,10/12/2021 9:00,10/12/2021 9:15,36,0,0,5,3,0,1
3,2,10/12/2021 9:00,10/12/2021 9:15,7,0,0,1,0,0,0
3,4,10/12/2021 9:00,10/12/2021 9:15,41,0,0,2,3,0,1
4,1,10/12/2021 9:00,10/12/2021 9:15,8,0,0,0,0,0,0
4,2,10/12/2021 9:00,10/12/2021 9:15,1,0,0,0,0,0,0
4,3,10/12/2021 9:00,10/12/2021 9:15,19,0,0,3,0,0,3
1,2,10/12/2021 9:15,10/12/2021 9:30,2,0,0,0,0,0,0
1,3,10/12/2021 9:15,10/12/2021 9:30,39,2,0,5,1,0,1
1,4,10/12/2021 9:15,10/12/2021 9:30,8,0,1,2,1,0,0
2,1,10/12/2021 9:15,10/12/2021 9:30,0,0,0,0,0,0,0
2,3,10/12/2021 9:15,10/12/2021 9:30,4,0,0,0,0,0,0
2,4,10/12/2021 9:15,10/12/2021 9:30,3,0,0,0,0,0,0
3,1,10/12/2021 9:15,10/12/2021 9:30,29,0,0,1,1,1,2
3,2,10/12/2021 9:15,10/12/2021 9:30,3,0,0,1,0,0,0
3,4,10/12/2021 9:15,10/12/2021 9:30,38,0,0,2,1,1,2
4,1,10/12/2021 9:15,10/12/2021 9:30,5,0,0,3,0,0,0
4,2,10/12/2021 9:15,10/12/2021 9:30,3,0,0,0,0,0,0
4,3,10/12/2021 9:15,10/12/2021 9:30,20,0,0,0,0,0,1
1,2,10/12/2021 9:30,10/12/2021 9:45,2,0,0,0,0,0,0
1,3,10/12/2021 9:30,10/12/2021 9:45,35,0,1,6,1,0,0
1,4,10/12/2021 9:30,10/12/2021 9:45,12,0,0,0,0,0,1
2,1,10/12/2021 9:30,10/12/2021 9:45,1,0,0,0,0,0,0
2,3,10/12/2021 9:30,10/12/2021 9:45,7,0,0,2,0,0,0
2,4,10/12/2021 9:30,10/12/2021 9:45,1,0,0,0,0,0,0
3,1,10/12/2021 9:30,10/12/2021 9:45,32,0,0,4,0,0,0
3,2,10/12/2021 9:30,10/12/2021 9:45,3,0,0,0,0,0,0
3,4,10/12/2021 9:30,10/12/2021 9:45,53,0,0,1,0,0,0
4,1,10/12/2021 9:30,10/12/2021 9:45,8,0,0,0,0,0,0
4,2,10/12/2021 9:30,10/12/2021 9:45,7,0,0,0,0,0,0
4,3,10/12/2021 9:30,10/12/2021 9:45,26,0,1,0,2,1,3
1,2,10/12/2021 9:45,10/12/2021 10:00,2,0,0,0,0,0,0
1,3,10/12/2021 9:45,10/12/2021 10:00,39,0,0,2,1,0,1
1,4,10/12/2021 9:45,10/12/2021 10:00,10,0,0,1,0,0,0
2,1,10/12/2021 9:45,10/12/2021 10:00,1,0,0,0,0,0,0
2,3,10/12/2021 9:45,10/12/2021 10:00,11,0,0,1,0,0,0
2,4,10/12/2021 9:45,10/12/2021 10:00,2,0,0,0,0,0,0
3,1,10/12/2021 9:45,10/12/2021 10:00,39,0,0,2,2,1,1
3,2,10/12/2021 9:45,10/12/2021 10:00,6,0,0,1,0,0,0
3,4,10/12/2021 9:45,10/12/2021 10:00,43,0,0,4,1,0,1
4,1,10/12/2021 9:45,10/12/2021 10:00,12,0,0,0,0,0,0
4,2,10/12/2021 9:45,10/12/2021 10:00,4,0,0,0,0,0,0
4,3,10/12/2021 9:45,10/12/2021 10:00,36,0,0,2,2,1,3
1,2,10/12/2021 10:00,10/12/2021 10:15,0,0,0,0,0,0,0
1,3,10/12/2021 10:00,10/12/2021 10:15,42,0,0,3,2,0,0
1,4,10/12/2021 10:00,10/12/2021 10:15,8,0,0,1,0,0,0
2,1,10/12/2021 10:00,10/12/2021 10:15,1,0,0,0,0,0,0
2,3,10/12/2021 10:00,10/12/2021 10:15,4,0,0,0,0,0,0
2,4,10/12/2021 10:00,10/12/2021 10:15,3,0,0,0,0,0,0
3,1,10/12/2021 10:00,10/12/2021 10:15,28,1,0,3,1,0,2
3,2,10/12/2021 10:00,10/12/2021 10:15,3,0,0,1,0,0,0
3,4,10/12/2021 10:00,10/12/2021 10:15,40,0,0,3,1,0,1
4,1,10/12/2021 10:00,10/12/2021 10:15,6,0,0,0,0,0,0
4,2,10/12/2021 10:00,10/12/2021 10:15,2,0,0,0,0,0,0
4,3,10/12/2021 10:00,10/12/2021 10:15,28,0,0,1,1,0,2
1,2,10/12/2021 10:15,10/12/2021 10:30,0,0,0,0,0,0,0
1,3,10/12/2021 10:15,10/12/2021 10:30,41,0,0,2,1,0,1
1,4,10/12/2021 10:15,10/12/2021 10:30,6,0,0,1,0,0,0
2,1,10/12/2021 10:15,10/12/2021 10:30,1,0,0,0,0,0,0
2,3,10/12/2021 10:15,10/12/2021 10:30,8,0,0,0,0,0,1
2,4,10/12/2021 10:15,10/12/2021 10:30,2,0,0,0,0,0,0
3,1,10/12/2021 10:15,10/12/2021 10:30,37,0,0,1,1,0,1
3,2,10/12/2021 10:15,10/12/2021 10:30,5,0,0,1,0,0,0
3,4,10/12/2021 10:15,10/12/2021 10:30,44,0,0,3,1,0,2
4,1,10/12/2021 10:15,10/12/2021 10:30,9,0,0,0,0,0,0
4,2,10/12/2021 10:15,10/12/2021 10:30,1,0,0,1,0,0,0
4,3,10/12/2021 10:15,10/12/2021 10:30,40,0,0,2,0,0,1
1,2,10/12/2021 10:30,10/12/2021 10:45,1,0,0,0,1,0,0
1,3,10/12/2021 10:30,10/12/2021 10:45,31,0,0,4,0,0,0
1,4,10/12/2021 10:30,10/12/2021 10:45,8,0,0,0,0,0,0
2,1,10/12/2021 10:30,10/12/2021 10:45,1,1,0,0,0,0,0
2,3,10/12/2021 10:30,10/12/2021 10:45,4,0,0,0,0,1,0
2,4,10/12/2021 10:30,10/12/2021 10:45,0,0,0,0,0,0,0
3,1,10/12/2021 10:30,10/12/2021 10:45,31,0,0,1,1,1,0
3,2,10/12/2021 10:30,10/12/2021 10:45,1,0,0,0,0,0,0
3,4,10/12/2021 10:30,10/12/2021 10:45,36,0,0,1,0,0,1
4,1,10/12/2021 10:30,10/12/2021 10:45,6,0,0,0,0,0,0
4,2,10/12/2021 10:30,10/12/2021 10:45,3,0,0,0,0,0,0
4,3,10/12/2021 10:30,10/12/2021 10:45,41,0,0,2,0,0,2
1,2,10/12/2021 10:45,10/12/2021 11:00,1,0,0,1,0,0,0
1,3,10/12/2021 10:45,10/12/2021 11:00,29,0,0,3,1,0,1
1,4,10/12/2021 10:45,10/12/2021 11:00,8,0,0,1,0,0,0
2,1,10/12/2021 10:45,10/12/2021 11:00,0,0,0,0,0,0,0
2,3,10/12/2021 10:45,10/12/2021 11:00,1,0,0,1,0,0,0
2,4,10/12/2021 10:45,10/12/2021 11:00,1,0,0,1,0,0,0
3,1,10/12/2021 10:45,10/12/2021 11:00,31,0,0,1,1,0,2
3,2,10/12/2021 10:45,10/12/2021 11:00,7,0,0,0,0,0,0
3,4,10/12/2021 10:45,10/12/2021 11:00,40,0,0,1,3,0,0
4,1,10/12/2021 10:45,10/12/2021 11:00,11,0,0,0,0,0,0
4,2,10/12/2021 10:45,10/12/2021 11:00,0,0,1,1,0,0,0
4,3,10/12/2021 10:45,10/12/2021 11:00,28,0,0,0,3,0,2
1,2,10/12/2021 11:00,10/12/2021 11:15,2,0,0,0,0,0,0
1,3,10/12/2021 11:00,10/12/2021 11:15,32,1,0,2,2,0,0
1,4,10/12/2021 11:00,10/12/2021 11:15,5,0,0,0,0,0,0
2,1,10/12/2021 11:00,10/12/2021 11:15,0,0,0,0,1,0,0
2,3,10/12/2021 11:00,10/12/2021 11:15,5,0,0,0,0,0,0
2,4,10/12/2021 11:00,10/12/2021 11:15,5,0,0,0,0,0,0
3,1,10/12/2021 11:00,10/12/2021 11:15,36,1,0,3,1,0,0
3,2,10/12/2021 11:00,10/12/2021 11:15,3,0,0,0,0,0,0
3,4,10/12/2021 11:00,10/12/2021 11:15,38,0,0,0,1,0,2
4,1,10/12/2021 11:00,10/12/2021 11:15,8,0,0,0,0,0,0
4,2,10/12/2021 11:00,10/12/2021 11:15,3,0,0,0,0,0,0
4,3,10/12/2021 11:00,10/12/2021 11:15,39,0,0,2,1,0,2
1,2,10/12/2021 11:15,10/12/2021 11:30,1,0,0,0,0,0,0
1,3,10/12/2021 11:15,10/12/2021 11:30,33,0,0,0,4,1,1
1,4,10/12/2021 11:15,10/12/2021 11:30,12,0,0,0,0,0,0
2,1,10/12/2021 11:15,10/12/2021 11:30,1,0,0,0,0,0,0
2,3,10/12/2021 11:15,10/12/2021 11:30,5,0,0,0,1,0,0
2,4,10/12/2021 11:15,10/12/2021 11:30,1,0,0,0,0,0,0
3,1,10/12/2021 11:15,10/12/2021 11:30,38,0,0,2,2,0,1
3,2,10/12/2021 11:15,10/12/2021 11:30,3,0,0,0,0,0,0
3,4,10/12/2021 11:15,10/12/2021 11:30,40,0,0,1,1,0,0
4,1,10/12/2021 11:15,10/12/2021 11:30,7,0,0,0,0,0,0
4,2,10/12/2021 11:15,10/12/2021 11:30,1,0,0,1,0,0,0
4,3,10/12/2021 11:15,10/12/2021 11:30,31,0,0,2,1,0,1
1,2,10/12/2021 11:30,10/12/2021 11:45,5,0,0,0,0,0,0
1,3,10/12/2021 11:30,10/12/2021 11:45,34,0,0,6,0,1,0
1,4,10/12/2021 11:30,10/12/2021 11:45,3,0,0,0,0,0,0
2,1,10/12/2021 11:30,10/12/2021 11:45,2,0,0,0,0,0,0
2,3,10/12/2021 11:30,10/12/2021 11:45,7,0,0,0,0,0,0
2,4,10/12/2021 11:30,10/12/2021 11:45,2,0,0,0,0,0,0
3,1,10/12/2021 11:30,10/12/2021 11:45,37,0,0,2,0,0,0
3,2,10/12/2021 11:30,10/12/2021 11:45,6,0,0,2,1,0,0
3,4,10/12/2021 11:30,10/12/2021 11:45,34,0,0,1,1,0,1
4,1,10/12/2021 11:30,10/12/2021 11:45,4,0,0,0,0,0,1
4,2,10/12/2021 11:30,10/12/2021 11:45,4,0,0,0,0,0,0
4,3,10/12/2021 11:30,10/12/2021 11:45,37,0,0,3,3,0,3
1,2,10/12/2021 11:45,10/12/2021 12:00,1,0,0,0,0,0,0
1,3,10/12/2021 11:45,10/12/2021 12:00,44,0,0,5,1,0,1
1,4,10/12/2021 11:45,10/12/2021 12:00,8,0,0,2,0,0,0
2,1,10/12/2021 11:45,10/12/2021 12:00,3,0,0,0,0,0,0
2,3,10/12/2021 11:45,10/12/2021 12:00,7,0,0,0,0,0,0
2,4,10/12/2021 11:45,10/12/2021 12:00,1,0,0,0,0,0,0
3,1,10/12/2021 11:45,10/12/2021 12:00,48,0,0,3,0,0,2
3,2,10/12/2021 11:45,10/12/2021 12:00,4,0,0,1,1,0,0
3,4,10/12/2021 11:45,10/12/2021 12:00,40,0,0,0,2,0,1
4,1,10/12/2021 11:45,10/12/2021 12:00,12,0,0,0,0,0,0
4,2,10/12/2021 11:45,10/12/2021 12:00,1,1,0,0,0,0,0
4,3,10/12/2021 11:45,10/12/2021 12:00,46,0,0,4,1,0,1
1,2,10/12/2021 12:00,10/12/2021 12:15,2,0,0,0,0,0,0
1,3,10/12/2021 12:00,10/12/2021 12:15,25,0,0,1,0,0,2
1,4,10/12/2021 12:00,10/12/2021 12:15,6,0,0,1,0,0,0
2,1,10/12/2021 12:00,10/12/2021 12:15,2,0,0,0,0,0,0
2,3,10/12/2021 12:00,10/12/2021 12:15,8,0,0,0,0,0,0
2,4,10/12/2021 12:00,10/12/2021 12:15,4,0,0,0,0,0,0
3,1,10/12/2021 12:00,10/12/2021 12:15,48,0,0,1,2,0,2
3,2,10/12/2021 12:00,10/12/2021 12:15,3,0,0,1,0,0,0
3,4,10/12/2021 12:00,10/12/2021 12:15,43,0,0,1,1,0,2
4,1,10/12/2021 12:00,10/12/2021 12:15,13,0,0,0,1,0,0
4,2,10/12/2021 12:00,10/12/2021 12:15,3,0,0,0,0,0,0
4,3,10/12/2021 12:00,10/12/2021 12:15,49,0,0,2,0,1,2
1,2,10/12/2021 12:15,10/12/2021 12:30,0,0,0,0,0,0,0
1,3,10/12/2021 12:15,10/12/2021 12:30,40,0,0,4,1,1,0
1,4,10/12/2021 12:15,10/12/2021 12:30,10,0,0,3,0,0,0
2,1,10/12/2021 12:15,10/12/2021 12:30,2,0,1,0,0,0,0
2,3,10/12/2021 12:15,10/12/2021 12:30,1,0,0,0,0,0,0
2,4,10/12/2021 12:15,10/12/2021 12:30,8,0,0,2,1,0,0
3,1,10/12/2021 12:15,10/12/2021 12:30,51,0,0,2,0,0,1
3,2,10/12/2021 12:15,10/12/2021 12:30,6,0,0,3,1,0,0
3,4,10/12/2021 12:15,10/12/2021 12:30,34,0,1,1,1,1,2
4,1,10/12/2021 12:15,10/12/2021 12:30,11,0,0,0,0,0,0
4,2,10/12/2021 12:15,10/12/2021 12:30,5,0,0,0,0,0,0
4,3,10/12/2021 12:15,10/12/2021 12:30,39,0,1,0,1,1,2
1,2,10/12/2021 12:30,10/12/2021 12:45,1,0,0,0,0,0,0
1,3,10/12/2021 12:30,10/12/2021 12:45,32,0,0,1,0,0,2
1,4,10/12/2021 12:30,10/12/2021 12:45,7,0,0,1,0,0,0
2,1,10/12/2021 12:30,10/12/2021 12:45,0,0,0,0,0,0,0
2,3,10/12/2021 12:30,10/12/2021 12:45,6,1,0,0,0,0,0
2,4,10/12/2021 12:30,10/12/2021 12:45,2,0,0,0,0,0,0
3,1,10/12/2021 12:30,10/12/2021 12:45,51,0,0,3,0,0,1
3,2,10/12/2021 12:30,10/12/2021 12:45,5,0,0,0,0,0,0
3,4,10/12/2021 12:30,10/12/2021 12:45,42,0,0,1,1,0,2
4,1,10/12/2021 12:30,10/12/2021 12:45,8,0,0,2,0,0,1
4,2,10/12/2021 12:30,10/12/2021 12:45,2,0,0,1,0,0,0
4,3,10/12/2021 12:30,10/12/2021 12:45,44,0,1,0,1,1,2
1,2,10/12/2021 12:45,10/12/2021 13:00,0,0,0,0,0,0,0
1,3,10/12/2021 12:45,10/12/2021 13:00,39,0,2,4,1,0,1
1,4,10/12/2021 12:45,10/12/2021 13:00,12,0,0,1,0,0,0
2,1,10/12/2021 12:45,10/12/2021 13:00,0,0,0,0,0,0,0
2,3,10/12/2021 12:45,10/12/2021 13:00,7,0,0,0,0,0,0
2,4,10/12/2021 12:45,10/12/2021 13:00,1,0,0,0,0,0,0
3,1,10/12/2021 12:45,10/12/2021 13:00,48,0,0,2,0,0,1
3,2,10/12/2021 12:45,10/12/2021 13:00,6,0,0,2,0,0,0
3,4,10/12/2021 12:45,10/12/2021 13:00,33,0,0,3,0,1,0
4,1,10/12/2021 12:45,10/12/2021 13:00,9,0,0,0,0,0,0
4,2,10/12/2021 12:45,10/12/2021 13:00,3,0,0,0,0,0,0
4,3,10/12/2021 12:45,10/12/2021 13:00,40,0,0,1,2,0,3
1,2,10/12/2021 13:00,10/12/2021 13:15,0,0,0,0,0,0,0
1,3,10/12/2021 13:00,10/12/2021 13:15,28,0,0,2,0,0,1
1,4,10/12/2021 13:00,10/12/2021 13:15,11,0,0,0,0,0,0
2,1,10/12/2021 13:00,10/12/2021 13:15,1,0,0,0,0,0,0
2,3,10/12/2021 13:00,10/12/2021 13:15,5,0,0,2,0,0,0
2,4,10/12/2021 13:00,10/12/2021 13:15,3,0,0,0,0,0,0
3,1,10/12/2021 13:00,10/12/2021 13:15,48,0,0,6,1,0,2
3,2,10/12/2021 13:00,10/12/2021 13:15,4,0,0,1,0,0,0
3,4,10/12/2021 13:00,10/12/2021 13:15,37,0,0,0,1,0,1
4,1,10/12/2021 13:00,10/12/2021 13:15,4,0,1,0,2,0,0
4,2,10/12/2021 13:00,10/12/2021 13:15,2,0,0,0,0,0,0
4,3,10/12/2021 13:00,10/12/2021 13:15,45,0,0,3,2,0,2
1,2,10/12/2021 13:15,10/12/2021 13:30,3,0,0,1,0,0,0
1,3,10/12/2021 13:15,10/12/2021 13:30,48,0,0,1,2,0,1
1,4,10/12/2021 13:15,10/12/2021 13:30,6,0,0,1,0,0,0
2,1,10/12/2021 13:15,10/12/2021 13:30,3,0,0,0,0,0,0
2,3,10/12/2021 13:15,10/12/2021 13:30,7,0,0,0,1,0,0
2,4,10/12/2021 13:15,10/12/2021 13:30,5,0,0,0,0,0,0
3,1,10/12/2021 13:15,10/12/2021 13:30,51,0,0,1,1,0,1
3,2,10/12/2021 13:15,10/12/2021 13:30,12,0,0,0,1,0,0
3,4,10/12/2021 13:15,10/12/2021 13:30,39,0,0,2,1,0,3
4,1,10/12/2021 13:15,10/12/2021 13:30,11,0,0,2,0,0,1
4,2,10/12/2021 13:15,10/12/2021 13:30,0,0,0,0,0,0,0
4,3,10/12/2021 13:15,10/12/2021 13:30,46,0,1,1,1,0,2
1,2,10/12/2021 13:30,10/12/2021 13:45,1,0,0,0,0,0,0
1,3,10/12/2021 13:30,10/12/2021 13:45,31,0,2,3,0,0,1
1,4,10/12/2021 13:30,10/12/2021 13:45,10,0,0,0,0,0,1
2,1,10/12/2021 13:30,10/12/2021 13:45,4,0,0,0,0,0,0
2,3,10/12/2021 13:30,10/12/2021 13:45,4,0,0,0,0,0,0
2,4,10/12/2021 13:30,10/12/2021 13:45,0,0,0,0,0,0,0
3,1,10/12/2021 13:30,10/12/2021 13:45,49,1,0,4,4,0,1
3,2,10/12/2021 13:30,10/12/2021 13:45,2,0,0,0,0,0,0
3,4,10/12/2021 13:30,10/12/2021 13:45,46,0,0,2,0,0,2
4,1,10/12/2021 13:30,10/12/2021 13:45,7,0,0,1,0,0,0
4,2,10/12/2021 13:30,10/12/2021 13:45,5,0,0,0,0,0,0
4,3,10/12/2021 13:30,10/12/2021 13:45,38,1,0,1,0,1,2
1,2,10/12/2021 13:45,10/12/2021 14:00,0,0,0,0,0,0,0
1,3,10/12/2021 13:45,10/12/2021 14:00,32,0,0,0,0,0,1
1,4,10/12/2021 13:45,10/12/2021 14:00,17,0,0,0,1,0,0
2,1,10/12/2021 13:45,10/12/2021 14:00,2,0,0,0,0,0,0
2,3,10/12/2021 13:45,10/12/2021 14:00,4,0,0,1,0,0,0
2,4,10/12/2021 13:45,10/12/2021 14:00,0,0,0,1,0,0,0
3,1,10/12/2021 13:45,10/12/2021 14:00,49,0,0,3,0,0,2
3,2,10/12/2021 13:45,10/12/2021 14:00,12,0,0,0,1,0,0
3,4,10/12/2021 13:45,10/12/2021 14:00,44,1,0,1,2,0,1
4,1,10/12/2021 13:45,10/12/2021 14:00,13,0,0,0,0,0,0
4,2,10/12/2021 13:45,10/12/2021 14:00,4,0,0,0,0,0,0
4,3,10/12/2021 13:45,10/12/2021 14:00,34,0,1,0,0,0,3
1,2,10/12/2021 14:00,10/12/2021 14:15,1,0,0,0,0,0,0
1,3,10/12/2021 14:00,10/12/2021 14:15,31,0,0,3,0,0,0
1,4,10/12/2021 14:00,10/12/2021 14:15,12,0,0,0,0,0,0
2,1,10/12/2021 14:00,10/12/2021 14:15,2,0,0,0,0,0,0
2,3,10/12/2021 14:00,10/12/2021 14:15,0,0,0,2,0,0,0
2,4,10/12/2021 14:00,10/12/2021 14:15,4,0,0,0,0,0,0
3,1,10/12/2021 14:00,10/12/2021 14:15,33,0,0,2,1,0,0
3,2,10/12/2021 14:00,10/12/2021 14:15,11,0,0,0,0,0,0
3,4,10/12/2021 14:00,10/12/2021 14:15,34,0,0,0,0,0,1
4,1,10/12/2021 14:00,10/12/2021 14:15,14,0,0,0,1,0,0
4,2,10/12/2021 14:00,10/12/2021 14:15,4,0,0,0,0,0,0
4,3,10/12/2021 14:00,10/12/2021 14:15,49,0,0,0,2,0,4
1,2,10/12/2021 14:15,10/12/2021 14:30,2,0,0,0,0,0,0
1,3,10/12/2021 14:15,10/12/2021 14:30,44,0,0,5,2,0,1
1,4,10/12/2021 14:15,10/12/2021 14:30,10,0,0,0,0,0,0
2,1,10/12/2021 14:15,10/12/2021 14:30,1,0,0,0,1,0,0
2,3,10/12/2021 14:15,10/12/2021 14:30,12,0,0,0,0,0,0
2,4,10/12/2021 14:15,10/12/2021 14:30,4,0,0,2,0,0,0
3,1,10/12/2021 14:15,10/12/2021 14:30,58,0,0,5,0,0,1
3,2,10/12/2021 14:15,10/12/2021 14:30,7,0,0,0,0,0,0
3,4,10/12/2021 14:15,10/12/2021 14:30,34,0,1,3,2,0,1
4,1,10/12/2021 14:15,10/12/2021 14:30,15,0,0,1,0,0,0
4,2,10/12/2021 14:15,10/12/2021 14:30,5,0,0,0,0,0,0
4,3,10/12/2021 14:15,10/12/2021 14:30,55,0,0,2,1,0,2
1,2,10/12/2021 14:30,10/12/2021 14:45,1,0,0,0,0,0,0
1,3,10/12/2021 14:30,10/12/2021 14:45,32,2,0,3,0,0,1
1,4,10/12/2021 14:30,10/12/2021 14:45,10,0,0,1,0,0,0
2,1,10/12/2021 14:30,10/12/2021 14:45,0,0,0,0,0,0,0
2,3,10/12/2021 14:30,10/12/2021 14:45,2,0,0,0,1,0,0
2,4,10/12/2021 14:30,10/12/2021 14:45,6,0,0,0,0,0,0
3,1,10/12/2021 14:30,10/12/2021 14:45,61,0,0,1,2,0,0
3,2,10/12/2021 14:30,10/12/2021 14:45,10,0,0,1,0,0,0
3,4,10/12/2021 14:30,10/12/2021 14:45,34,0,0,2,1,1,3
4,1,10/12/2021 14:30,10/12/2021 14:45,14,0,0,0,0,0,0
4,2,10/12/2021 14:30,10/12/2021 14:45,7,0,0,0,0,0,0
4,3,10/12/2021 14:30,10/12/2021 14:45,62,1,0,3,1,0,2
1,2,10/12/2021 14:45,10/12/2021 15:00,2,0,0,0,0,0,0
1,3,10/12/2021 14:45,10/12/2021 15:00,37,0,0,5,0,0,1
1,4,10/12/2021 14:45,10/12/2021 15:00,9,0,0,1,0,0,0
2,1,10/12/2021 14:45,10/12/2021 15:00,2,0,0,0,0,0,0
2,3,10/12/2021 14:45,10/12/2021 15:00,4,0,0,0,0,0,0
2,4,10/12/2021 14:45,10/12/2021 15:00,1,0,0,0,0,0,0
3,1,10/12/2021 14:45,10/12/2021 15:00,54,1,0,3,1,0,1
3,2,10/12/2021 14:45,10/12/2021 15:00,8,0,0,1,0,0,0
3,4,10/12/2021 14:45,10/12/2021 15:00,33,0,0,2,1,0,0
4,1,10/12/2021 14:45,10/12/2021 15:00,18,0,0,0,1,0,0
4,2,10/12/2021 14:45,10/12/2021 15:00,3,0,0,0,0,0,0
4,3,10/12/2021 14:45,10/12/2021 15:00,50,1,0,2,1,0,3
1,2,10/12/2021 15:00,10/12/2021 15:15,0,0,0,0,0,0,0
1,3,10/12/2021 15:00,10/12/2021 15:15,39,1,0,0,1,0,0
1,4,10/12/2021 15:00,10/12/2021 15:15,12,1,0,0,0,0,0
2,1,10/12/2021 15:00,10/12/2021 15:15,2,0,0,0,0,0,0
2,3,10/12/2021 15:00,10/12/2021 15:15,5,0,0,1,0,0,0
2,4,10/12/2021 15:00,10/12/2021 15:15,3,0,0,0,0,0,0
3,1,10/12/2021 15:00,10/12/2021 15:15,71,2,0,5,2,0,0
3,2,10/12/2021 15:00,10/12/2021 15:15,5,1,0,0,1,0,0
3,4,10/12/2021 15:00,10/12/2021 15:15,27,0,0,0,1,0,1
4,1,10/12/2021 15:00,10/12/2021 15:15,13,0,0,1,0,0,0
4,2,10/12/2021 15:00,10/12/2021 15:15,3,0,0,0,0,0,0
4,3,10/12/2021 15:00,10/12/2021 15:15,44,0,0,2,0,0,2
1,2,10/12/2021 15:15,10/12/2021 15:30,2,0,0,0,0,0,0
1,3,10/12/2021 15:15,10/12/2021 15:30,36,0,0,5,0,0,1
1,4,10/12/2021 15:15,10/12/2021 15:30,7,0,0,1,1,0,0
2,1,10/12/2021 15:15,10/12/2021 15:30,4,0,0,0,0,0,0
2,3,10/12/2021 15:15,10/12/2021 15:30,9,0,0,0,0,0,0
2,4,10/12/2021 15:15,10/12/2021 15:30,1,0,0,0,0,0,0
3,1,10/12/2021 15:15,10/12/2021 15:30,65,1,0,3,0,0,2
3,2,10/12/2021 15:15,10/12/2021 15:30,9,0,0,0,0,0,0
3,4,10/12/2021 15:15,10/12/2021 15:30,28,0,0,0,0,0,2
4,1,10/12/2021 15:15,10/12/2021 15:30,12,1,0,1,0,0,0
4,2,10/12/2021 15:15,10/12/2021 15:30,6,0,0,0,0,0,0
4,3,10/12/2021 15:15,10/12/2021 15:30,48,1,1,1,1,0,2
1,2,10/12/2021 15:30,10/12/2021 15:45,3,0,0,0,0,0,0
1,3,10/12/2021 15:30,10/12/2021 15:45,43,2,0,5,1,0,0
1,4,10/12/2021 15:30,10/12/2021 15:45,12,0,0,1,0,0,0
2,1,10/12/2021 15:30,10/12/2021 15:45,3,0,0,1,0,0,0
2,3,10/12/2021 15:30,10/12/2021 15:45,6,0,0,0,0,0,0
2,4,10/12/2021 15:30,10/12/2021 15:45,2,0,0,0,0,0,0
3,1,10/12/2021 15:30,10/12/2021 15:45,78,0,0,9,0,0,0
3,2,10/12/2021 15:30,10/12/2021 15:45,8,0,0,0,1,0,0
3,4,10/12/2021 15:30,10/12/2021 15:45,32,0,0,0,0,0,1
4,1,10/12/2021 15:30,10/12/2021 15:45,31,1,0,1,0,0,0
4,2,10/12/2021 15:30,10/12/2021 15:45,6,1,0,0,0,0,0
4,3,10/12/2021 15:30,10/12/2021 15:45,49,0,2,2,1,0,2
1,2,10/12/2021 15:45,10/12/2021 16:00,5,0,0,0,1,0,0
1,3,10/12/2021 15:45,10/12/2021 16:00,45,0,1,2,1,0,0
1,4,10/12/2021 15:45,10/12/2021 16:00,11,1,0,0,0,0,0
2,1,10/12/2021 15:45,10/12/2021 16:00,3,0,0,0,0,0,0
2,3,10/12/2021 15:45,10/12/2021 16:00,4,0,0,0,0,0,0
2,4,10/12/2021 15:45,10/12/2021 16:00,1,1,0,0,0,0,0
3,1,10/12/2021 15:45,10/12/2021 16:00,70,1,1,5,1,0,1
3,2,10/12/2021 15:45,10/12/2021 16:00,6,0,0,0,0,0,0
3,4,10/12/2021 15:45,10/12/2021 16:00,30,0,1,3,0,0,2
4,1,10/12/2021 15:45,10/12/2021 16:00,14,0,0,0,1,0,0
4,2,10/12/2021 15:45,10/12/2021 16:00,3,0,1,0,0,0,0
4,3,10/12/2021 15:45,10/12/2021 16:00,59,0,0,1,0,0,3
1,2,10/12/2021 16:00,10/12/2021 16:15,1,0,0,0,0,0,1
1,3,10/12/2021 16:00,10/12/2021 16:15,40,1,0,4,3,0,2
1,4,10/12/2021 16:00,10/12/2021 16:15,9,0,0,1,0,0,0
2,1,10/12/2021 16:00,10/12/2021 16:15,2,0,0,0,0,0,0
2,3,10/12/2021 16:00,10/12/2021 16:15,8,0,0,2,0,0,0
2,4,10/12/2021 16:00,10/12/2021 16:15,2,0,0,0,0,0,0
3,1,10/12/2021 16:00,10/12/2021 16:15,85,2,0,4,1,0,2
3,2,10/12/2021 16:00,10/12/2021 16:15,7,1,0,1,0,0,0
3,4,10/12/2021 16:00,10/12/2021 16:15,31,0,0,0,1,0,2
4,1,10/12/2021 16:00,10/12/2021 16:15,30,0,0,1,0,0,0
4,2,10/12/2021 16:00,10/12/2021 16:15,9,0,1,0,0,0,0
4,3,10/12/2021 16:00,10/12/2021 16:15,70,1,1,1,0,0,2
1,2,10/12/2021 16:15,10/12/2021 16:30,0,0,0,0,0,0,0
1,3,10/12/2021 16:15,10/12/2021 16:30,32,0,0,1,2,0,0
1,4,10/12/2021 16:15,10/12/2021 16:30,8,0,0,1,0,0,0
2,1,10/12/2021 16:15,10/12/2021 16:30,3,0,0,0,0,0,0
2,3,10/12/2021 16:15,10/12/2021 16:30,5,0,0,0,0,0,0
2,4,10/12/2021 16:15,10/12/2021 16:30,4,0,0,1,0,0,0
3,1,10/12/2021 16:15,10/12/2021 16:30,91,0,0,10,3,0,1
3,2,10/12/2021 16:15,10/12/2021 16:30,6,0,0,0,0,0,0
3,4,10/12/2021 16:15,10/12/2021 16:30,30,0,0,0,0,0,2
4,1,10/12/2021 16:15,10/12/2021 16:30,29,0,0,1,2,0,0
4,2,10/12/2021 16:15,10/12/2021 16:30,13,0,0,0,0,0,0
4,3,10/12/2021 16:15,10/12/2021 16:30,64,0,0,2,2,0,2
1,2,10/12/2021 16:30,10/12/2021 16:45,0,0,0,1,0,0,0
1,3,10/12/2021 16:30,10/12/2021 16:45,40,0,0,3,3,0,2
1,4,10/12/2021 16:30,10/12/2021 16:45,6,0,0,2,0,0,0
2,1,10/12/2021 16:30,10/12/2021 16:45,3,0,0,0,0,0,0
2,3,10/12/2021 16:30,10/12/2021 16:45,8,1,0,0,0,0,0
2,4,10/12/2021 16:30,10/12/2021 16:45,5,0,0,1,0,0,0
3,1,10/12/2021 16:30,10/12/2021 16:45,107,3,0,4,1,1,1
3,2,10/12/2021 16:30,10/12/2021 16:45,9,0,0,3,0,0,0
3,4,10/12/2021 16:30,10/12/2021 16:45,15,0,0,2,0,0,0
4,1,10/12/2021 16:30,10/12/2021 16:45,21,0,1,1,0,0,0
4,2,10/12/2021 16:30,10/12/2021 16:45,9,0,0,0,0,0,0
4,3,10/12/2021 16:30,10/12/2021 16:45,52,0,1,0,0,0,2
1,2,10/12/2021 16:45,10/12/2021 17:00,1,0,0,0,1,0,0
1,3,10/12/2021 16:45,10/12/2021 17:00,31,0,0,5,0,0,1
1,4,10/12/2021 16:45,10/12/2021 17:00,7,0,0,0,0,0,0
2,1,10/12/2021 16:45,10/12/2021 17:00,1,0,0,0,0,0,0
2,3,10/12/2021 16:45,10/12/2021 17:00,4,0,0,1,2,0,0
2,4,10/12/2021 16:45,10/12/2021 17:00,3,0,0,1,0,0,0
3,1,10/12/2021 16:45,10/12/2021 17:00,90,0,0,4,1,0,1
3,2,10/12/2021 16:45,10/12/2021 17:00,7,0,0,2,1,0,0
3,4,10/12/2021 16:45,10/12/2021 17:00,15,0,0,1,0,0,2
4,1,10/12/2021 16:45,10/12/2021 17:00,18,0,0,1,1,0,0
4,2,10/12/2021 16:45,10/12/2021 17:00,6,0,0,0,0,0,0
4,3,10/12/2021 16:45,10/12/2021 17:00,50,0,0,1,1,0,3
1,2,10/12/2021 17:00,10/12/2021 17:15,2,0,0,1,0,0,0
1,3,10/12/2021 17:00,10/12/2021 17:15,36,0,0,3,1,0,0
1,4,10/12/2021 17:00,10/12/2021 17:15,9,0,0,0,0,0,0
2,1,10/12/2021 17:00,10/12/2021 17:15,1,0,0,0,1,0,0
2,3,10/12/2021 17:00,10/12/2021 17:15,8,0,0,1,3,1,0
2,4,10/12/2021 17:00,10/12/2021 17:15,2,0,0,0,0,0,0
3,1,10/12/2021 17:00,10/12/2021 17:15,114,0,0,8,0,0,2
3,2,10/12/2021 17:00,10/12/2021 17:15,12,0,0,2,1,0,0
3,4,10/12/2021 17:00,10/12/2021 17:15,19,0,0,3,0,0,1
4,1,10/12/2021 17:00,10/12/2021 17:15,19,0,0,2,0,0,0
4,2,10/12/2021 17:00,10/12/2021 17:15,7,0,0,0,1,0,0
4,3,10/12/2021 17:00,10/12/2021 17:15,49,0,0,1,2,0,4
1,2,10/12/2021 17:15,10/12/2021 17:30,1,0,0,0,0,0,0
1,3,10/12/2021 17:15,10/12/2021 17:30,43,0,0,3,2,0,2
1,4,10/12/2021 17:15,10/12/2021 17:30,7,0,0,0,0,0,0
2,1,10/12/2021 17:15,10/12/2021 17:30,6,0,0,2,0,0,0
2,3,10/12/2021 17:15,10/12/2021 17:30,7,0,0,0,0,0,0
2,4,10/12/2021 17:15,10/12/2021 17:30,5,0,0,0,0,0,0
3,1,10/12/2021 17:15,10/12/2021 17:30,79,0,0,5,1,0,0
3,2,10/12/2021 17:15,10/12/2021 17:30,6,0,0,1,0,0,0
3,4,10/12/2021 17:15,10/12/2021 17:30,25,0,0,1,0,0,2
4,1,10/12/2021 17:15,10/12/2021 17:30,12,0,0,0,0,0,0
4,2,10/12/2021 17:15,10/12/2021 17:30,5,0,0,0,0,0,0
4,3,10/12/2021 17:15,10/12/2021 17:30,44,0,2,0,0,0,1
1,2,10/12/2021 17:30,10/12/2021 17:45,3,0,0,0,0,0,0
1,3,10/12/2021 17:30,10/12/2021 17:45,44,0,0,3,0,0,0
1,4,10/12/2021 17:30,10/12/2021 17:45,5,0,0,0,0,0,0
2,1,10/12/2021 17:30,10/12/2021 17:45,4,0,0,0,0,0,0
2,3,10/12/2021 17:30,10/12/2021 17:45,8,0,0,0,0,0,0
2,4,10/12/2021 17:30,10/12/2021 17:45,2,0,0,0,0,0,0
3,1,10/12/2021 17:30,10/12/2021 17:45,83,0,0,4,4,0,2
3,2,10/12/2021 17:30,10/12/2021 17:45,5,0,0,1,0,0,0
3,4,10/12/2021 17:30,10/12/2021 17:45,17,0,0,2,0,0,1
4,1,10/12/2021 17:30,10/12/2021 17:45,19,1,1,1,0,0,0
4,2,10/12/2021 17:30,10/12/2021 17:45,3,0,0,0,0,0,0
4,3,10/12/2021 17:30,10/12/2021 17:45,38,0,1,0,0,0,4
1,2,10/12/2021 17:45,10/12/2021 18:00,3,0,0,0,1,0,0
1,3,10/12/2021 17:45,10/12/2021 18:00,58,0,0,1,1,0,2
1,4,10/12/2021 17:45,10/12/2021 18:00,3,0,0,0,0,0,0
2,1,10/12/2021 17:45,10/12/2021 18:00,6,0,0,0,1,0,0
2,3,10/12/2021 17:45,10/12/2021 18:00,6,0,0,1,0,0,0
2,4,10/12/2021 17:45,10/12/2021 18:00,1,0,0,0,0,0,0
3,1,10/12/2021 17:45,10/12/2021 18:00,89,0,0,6,0,0,1
3,2,10/12/2021 17:45,10/12/2021 18:00,7,0,0,1,1,0,0
3,4,10/12/2021 17:45,10/12/2021 18:00,13,0,0,1,1,0,1
4,1,10/12/2021 17:45,10/12/2021 18:00,10,0,0,1,0,0,0
4,2,10/12/2021 17:45,10/12/2021 18:00,7,0,0,0,0,0,0
4,3,10/12/2021 17:45,10/12/2021 18:00,44,0,0,2,0,0,2
1,2,10/12/2021 18:00,10/12/2021 18:15,1,0,0,0,0,0,0
1,3,10/12/2021 18:00,10/12/2021 18:15,36,0,0,1,1,0,1
1,4,10/12/2021 18:00,10/12/2021 18:15,9,0,0,0,0,0,0
2,1,10/12/2021 18:00,10/12/2021 18:15,2,0,0,1,0,0,0
2,3,10/12/2021 18:00,10/12/2021 18:15,3,0,0,0,1,0,0
2,4,10/12/2021 18:00,10/12/2021 18:15,4,0,0,0,0,0,0
3,1,10/12/2021 18:00,10/12/2021 18:15,80,1,0,3,1,0,1
3,2,10/12/2021 18:00,10/12/2021 18:15,7,0,0,0,0,0,0
3,4,10/12/2021 18:00,10/12/2021 18:15,11,0,0,1,0,0,2
4,1,10/12/2021 18:00,10/12/2021 18:15,14,0,0,0,0,0,0
4,2,10/12/2021 18:00,10/12/2021 18:15,4,0,0,0,0,0,0
4,3,10/12/2021 18:00,10/12/2021 18:15,32,0,1,0,0,0,3
1,2,10/12/2021 18:15,10/12/2021 18:30,4,0,0,0,0,0,0
1,3,10/12/2021 18:15,10/12/2021 18:30,39,0,0,1,0,0,1
1,4,10/12/2021 18:15,10/12/2021 18:30,5,0,0,1,0,0,0
2,1,10/12/2021 18:15,10/12/2021 18:30,2,0,0,0,0,0,0
2,3,10/12/2021 18:15,10/12/2021 18:30,3,0,0,0,0,0,0
2,4,10/12/2021 18:15,10/12/2021 18:30,0,0,1,0,0,0,0
3,1,10/12/2021 18:15,10/12/2021 18:30,77,0,0,4,4,0,1
3,2,10/12/2021 18:15,10/12/2021 18:30,11,0,0,1,1,0,0
3,4,10/12/2021 18:15,10/12/2021 18:30,18,0,0,0,0,0,2
4,1,10/12/2021 18:15,10/12/2021 18:30,15,0,0,0,0,0,0
4,2,10/12/2021 18:15,10/12/2021 18:30,3,0,0,0,0,0,0
4,3,10/12/2021 18:15,10/12/2021 18:30,40,0,1,0,0,0,1
1,2,10/12/2021 18:30,10/12/2021 18:45,2,0,0,0,0,0,0
1,3,10/12/2021 18:30,10/12/2021 18:45,35,0,0,0,0,0,0
1,4,10/12/2021 18:30,10/12/2021 18:45,4,0,0,0,0,0,0
2,1,10/12/2021 18:30,10/12/2021 18:45,1,0,0,0,0,0,0
2,3,10/12/2021 18:30,10/12/2021 18:45,9,0,0,1,0,0,0
2,4,10/12/2021 18:30,10/12/2021 18:45,2,0,0,0,0,0,0
3,1,10/12/2021 18:30,10/12/2021 18:45,78,0,0,0,2,0,1
3,2,10/12/2021 18:30,10/12/2021 18:45,10,0,0,0,0,0,0
3,4,10/12/2021 18:30,10/12/2021 18:45,19,0,0,1,0,0,1
4,1,10/12/2021 18:30,10/12/2021 18:45,5,0,0,0,0,0,0
4,2,10/12/2021 18:30,10/12/2021 18:45,3,0,0,0,0,0,0
4,3,10/12/2021 18:30,10/12/2021 18:45,37,1,0,1,0,0,4
1,2,10/12/2021 18:45,10/12/2021 19:00,0,0,0,1,0,0,0
1,3,10/12/2021 18:45,10/12/2021 19:00,47,0,1,0,2,0,0
1,4,10/12/2021 18:45,10/12/2021 19:00,5,0,0,0,0,0,0
2,1,10/12/2021 18:45,10/12/2021 19:00,1,0,0,0,0,0,0
2,3,10/12/2021 18:45,10/12/2021 19:00,6,0,0,0,0,0,0
2,4,10/12/2021 18:45,10/12/2021 19:00,2,0,0,0,0,0,0
3,1,10/12/2021 18:45,10/12/2021 19:00,55,1,0,2,1,0,1
3,2,10/12/2021 18:45,10/12/2021 19:00,7,1,0,0,0,0,0
3,4,10/12/2021 18:45,10/12/2021 19:00,15,0,0,0,0,0,2
4,1,10/12/2021 18:45,10/12/2021 19:00,7,0,0,0,0,0,0
4,2,10/12/2021 18:45,10/12/2021 19:00,5,0,1,0,0,0,0
4,3,10/12/2021 18:45,10/12/2021 19:00,29,0,0,2,0,0,1
1,2,10/12/2021 19:00,10/12/2021 19:15,2,0,0,0,0,0,0
1,3,10/12/2021 19:00,10/12/2021 19:15,21,0,0,1,1,0,2
1,4,10/12/2021 19:00,10/12/2021 19:15,4,0,0,0,0,0,0
2,1,10/12/2021 19:00,10/12/2021 19:15,2,0,0,0,0,0,0
2,3,10/12/2021 19:00,10/12/2021 19:15,5,0,0,0,0,0,0
2,4,10/12/2021 19:00,10/12/2021 19:15,0,0,0,0,0,0,0
3,1,10/12/2021 19:00,10/12/2021 19:15,60,0,0,0,0,0,0
3,2,10/12/2021 19:00,10/12/2021 19:15,4,0,0,1,0,0,0
3,4,10/12/2021 19:00,10/12/2021 19:15,11,0,0,0,0,0,1
4,1,10/12/2021 19:00,10/12/2021 19:15,9,0,0,0,0,0,0
4,2,10/12/2021 19:00,10/12/2021 19:15,1,0,0,0,0,0,0
4,3,10/12/2021 19:00,10/12/2021 19:15,25,0,0,3,0,0,1
1,2,10/12/2021 19:15,10/12/2021 19:30,0,0,0,0,0,0,0
1,3,10/12/2021 19:15,10/12/2021 19:30,23,0,0,0,0,0,0
1,4,10/12/2021 19:15,10/12/2021 19:30,5,0,0,2,0,0,0
2,1,10/12/2021 19:15,10/12/2021 19:30,1,0,0,0,0,0,0
2,3,10/12/2021 19:15,10/12/2021 19:30,4,0,0,0,0,0,0
2,4,10/12/2021 19:15,10/12/2021 19:30,2,0,0,0,0,0,0
3,1,10/12/2021 19:15,10/12/2021 19:30,37,0,0,2,0,0,0
3,2,10/12/2021 19:15,10/12/2021 19:30,6,0,0,0,0,0,0
3,4,10/12/2021 19:15,10/12/2021 19:30,7,0,0,0,0,0,1
4,1,10/12/2021 19:15,10/12/2021 19:30,3,0,0,0,0,0,0
4,2,10/12/2021 19:15,10/12/2021 19:30,1,0,0,0,0,0,0
4,3,10/12/2021 19:15,10/12/2021 19:30,15,0,0,0,0,0,0
1,2,10/12/2021 19:30,10/12/2021 19:45,1,0,0,0,0,0,0
1,3,10/12/2021 19:30,10/12/2021 19:45,27,1,0,0,0,0,0
1,4,10/12/2021 19:30,10/12/2021 19:45,6,0,0,0,0,0,0
2,1,10/12/2021 19:30,10/12/2021 19:45,0,0,0,0,0,0,0
2,3,10/12/2021 19:30,10/12/2021 19:45,1,0,0,0,0,0,0
2,4,10/12/2021 19:30,10/12/2021 19:45,3,0,0,0,0,0,0
3,1,10/12/2021 19:30,10/12/2021 19:45,59,0,0,0,0,0,1
3,2,10/12/2021 19:30,10/12/2021 19:45,4,0,0,0,0,0,0
3,4,10/12/2021 19:30,10/12/2021 19:45,13,0,0,0,1,0,1
4,1,10/12/2021 19:30,10/12/2021 19:45,8,0,0,0,0,0,0
4,2,10/12/2021 19:30,10/12/2021 19:45,2,0,0,0,0,0,0
4,3,10/12/2021 19:30,10/12/2021 19:45,13,0,0,0,0,0,1
1,2,10/12/2021 19:45,10/12/2021 20:00,1,0,0,0,0,0,0
1,3,10/12/2021 19:45,10/12/2021 20:00,32,0,0,0,0,0,1
1,4,10/12/2021 19:45,10/12/2021 20:00,7,0,0,0,0,0,0
2,1,10/12/2021 19:45,10/12/2021 20:00,1,0,0,0,0,0,0
2,3,10/12/2021 19:45,10/12/2021 20:00,5,0,0,0,1,0,0
2,4,10/12/2021 19:45,10/12/2021 20:00,2,0,0,0,0,0,0
3,1,10/12/2021 19:45,10/12/2021 20:00,42,0,0,1,0,0,0
3,2,10/12/2021 19:45,10/12/2021 20:00,6,0,0,0,0,0,0
3,4,10/12/2021 19:45,10/12/2021 20:00,6,0,0,0,0,0,0
4,1,10/12/2021 19:45,10/12/2021 20:00,6,0,0,0,0,0,0
4,2,10/12/2021 19:45,10/12/2021 20:00,2,0,0,0,0,0,0
4,3,10/12/2021 19:45,10/12/2021 20:00,7,0,0,0,0,0,1
1,2,10/12/2021 20:00,10/12/2021 20:15,1,0,0,0,0,0,0
1,3,10/12/2021 20:00,10/12/2021 20:15,22,0,0,1,0,0,0
1,4,10/12/2021 20:00,10/12/2021 20:15,6,0,0,0,0,0,0
2,1,10/12/2021 20:00,10/12/2021 20:15,0,0,0,0,0,0,0
2,3,10/12/2021 20:00,10/12/2021 20:15,2,0,0,0,0,0,0
2,4,10/12/2021 20:00,10/12/2021 20:15,1,0,0,0,0,0,0
3,1,10/12/2021 20:00,10/12/2021 20:15,40,0,0,0,0,0,0
3,2,10/12/2021 20:00,10/12/2021 20:15,2,0,0,0,0,0,0
3,4,10/12/2021 20:00,10/12/2021 20:15,11,0,0,0,0,0,1
4,1,10/12/2021 20:00,10/12/2021 20:15,8,0,0,0,0,0,0
4,2,10/12/2021 20:00,10/12/2021 20:15,2,0,0,0,0,0,0
4,3,10/12/2021 20:00,10/12/2021 20:15,14,0,0,0,0,0,1
1,2,10/12/2021 20:15,10/12/2021 20:30,2,0,0,0,0,0,0
1,3,10/12/2021 20:15,10/12/2021 20:30,23,0,0,2,0,0,0
1,4,10/12/2021 20:15,10/12/2021 20:30,5,0,0,0,0,0,0
2,1,10/12/2021 20:15,10/12/2021 20:30,1,0,0,0,0,0,0
2,3,10/12/2021 20:15,10/12/2021 20:30,5,0,0,0,0,0,0
2,4,10/12/2021 20:15,10/12/2021 20:30,0,0,0,0,0,0,0
3,1,10/12/2021 20:15,10/12/2021 20:30,30,0,0,1,0,0,1
3,2,10/12/2021 20:15,10/12/2021 20:30,5,0,0,0,0,0,0
3,4,10/12/2021 20:15,10/12/2021 20:30,11,0,0,0,0,0,1
4,1,10/12/2021 20:15,10/12/2021 20:30,4,0,0,0,0,0,0
4,2,10/12/2021 20:15,10/12/2021 20:30,1,0,0,0,0,0,0
4,3,10/12/2021 20:15,10/12/2021 20:30,22,0,0,0,0,0,0
1,2,10/12/2021 20:30,10/12/2021 20:45,2,0,0,0,0,0,0
1,3,10/12/2021 20:30,10/12/2021 20:45,15,0,0,0,0,0,0
1,4,10/12/2021 20:30,10/12/2021 20:45,5,0,0,0,0,0,0
2,1,10/12/2021 20:30,10/12/2021 20:45,0,0,0,0,0,0,0
2,3,10/12/2021 20:30,10/12/2021 20:45,5,0,0,0,0,0,0
2,4,10/12/2021 20:30,10/12/2021 20:45,1,0,0,0,0,0,0
3,1,10/12/2021 20:30,10/12/2021 20:45,33,1,0,1,0,0,0
3,2,10/12/2021 20:30,10/12/2021 20:45,4,0,0,0,0,0,0
3,4,10/12/2021 20:30,10/12/2021 20:45,17,0,0,0,0,0,0
4,1,10/12/2021 20:30,10/12/2021 20:45,7,0,0,0,0,0,0
4,2,10/12/2021 20:30,10/12/2021 20:45,1,0,0,0,0,0,0
4,3,10/12/2021 20:30,10/12/2021 20:45,18,0,0,0,0,0,1
1,2,10/12/2021 20:45,10/12/2021 21:00,1,0,0,0,0,0,0
1,3,10/12/2021 20:45,10/12/2021 21:00,21,0,0,0,0,0,1
1,4,10/12/2021 20:45,10/12/2021 21:00,4,0,0,0,0,0,0
2,1,10/12/2021 20:45,10/12/2021 21:00,0,0,0,0,0,0,0
2,3,10/12/2021 20:45,10/12/2021 21:00,2,0,0,1,0,0,0
2,4,10/12/2021 20:45,10/12/2021 21:00,3,0,0,0,0,0,0
3,1,10/12/2021 20:45,10/12/2021 21:00,25,0,0,0,0,0,0
3,2,10/12/2021 20:45,10/12/2021 21:00,3,0,0,0,0,0,0
3,4,10/12/2021 20:45,10/12/2021 21:00,13,0,0,1,0,0,0
4,1,10/12/2021 20:45,10/12/2021 21:00,5,0,0,0,0,0,0
4,2,10/12/2021 20:45,10/12/2021 21:00,0,0,0,0,0,0,0
4,3,10/12/2021 20:45,10/12/2021 21:00,10,0,0,0,0,0,0
1,2,10/12/2021 21:00,10/12/2021 21:15,0,0,0,0,0,0,0
1,3,10/12/2021 21:00,10/12/2021 21:15,5,0,0,0,0,0,0
1,4,10/12/2021 21:00,10/12/2021 21:15,7,0,0,0,1,0,0
2,1,10/12/2021 21:00,10/12/2021 21:15,1,0,0,0,0,0,0
2,3,10/12/2021 21:00,10/12/2021 21:15,1,0,0,0,0,0,0
2,4,10/12/2021 21:00,10/12/2021 21:15,0,0,0,0,0,0,0
3,1,10/12/2021 21:00,10/12/2021 21:15,20,0,0,0,0,0,1
3,2,10/12/2021 21:00,10/12/2021 21:15,4,0,0,0,0,0,0
3,4,10/12/2021 21:00,10/12/2021 21:15,9,0,0,1,0,0,1
4,1,10/12/2021 21:00,10/12/2021 21:15,5,0,0,0,0,0,0
4,2,10/12/2021 21:00,10/12/2021 21:15,0,0,0,0,0,0,0
4,3,10/12/2021 21:00,10/12/2021 21:15,15,0,0,0,0,0,1
1,2,10/12/2021 21:15,10/12/2021 21:30,0,0,0,1,0,0,0
1,3,10/12/2021 21:15,10/12/2021 21:30,18,0,0,0,0,0,0
1,4,10/12/2021 21:15,10/12/2021 21:30,7,0,0,0,0,0,0
2,1,10/12/2021 21:15,10/12/2021 21:30,1,0,0,0,0,0,0
2,3,10/12/2021 21:15,10/12/2021 21:30,1,0,0,0,0,0,0
2,4,10/12/2021 21:15,10/12/2021 21:30,0,0,0,1,0,0,0
3,1,10/12/2021 21:15,10/12/2021 21:30,28,0,0,0,0,0,0
3,2,10/12/2021 21:15,10/12/2021 21:30,2,0,0,0,0,0,0
3,4,10/12/2021 21:15,10/12/2021 21:30,6,0,0,0,0,0,0
4,1,10/12/2021 21:15,10/12/2021 21:30,2,0,0,0,0,0,0
4,2,10/12/2021 21:15,10/12/2021 21:30,0,0,0,0,0,0,0
4,3,10/12/2021 21:15,10/12/2021 21:30,9,0,0,2,0,0,0
1,2,10/12/2021 21:30,10/12/2021 21:45,0,0,0,0,0,0,0
1,3,10/12/2021 21:30,10/12/2021 21:45,6,0,0,0,0,0,0
1,4,10/12/2021 21:30,10/12/2021 21:45,1,0,0,0,0,0,0
2,1,10/12/2021 21:30,10/12/2021 21:45,0,0,0,0,0,0,0
2,3,10/12/2021 21:30,10/12/2021 21:45,0,0,0,0,0,0,0
2,4,10/12/2021 21:30,10/12/2021 21:45,2,0,0,0,0,0,0
3,1,10/12/2021 21:30,10/12/2021 21:45,21,0,0,0,0,0,0
3,2,10/12/2021 21:30,10/12/2021 21:45,0,0,0,0,0,0,0
3,4,10/12/2021 21:30,10/12/2021 21:45,9,0,0,0,0,0,1
4,1,10/12/2021 21:30,10/12/2021 21:45,4,0,0,0,1,0,0
4,2,10/12/2021 21:30,10/12/2021 21:45,0,0,0,0,0,0,0
4,3,10/12/2021 21:30,10/12/2021 21:45,10,0,0,0,0,0,1
1,2,10/12/2021 21:45,10/12/2021 22:00,1,1,0,0,0,0,0
1,3,10/12/2021 21:45,10/12/2021 22:00,12,0,0,0,0,0,1
1,4,10/12/2021 21:45,10/12/2021 22:00,3,0,0,0,0,0,0
2,1,10/12/2021 21:45,10/12/2021 22:00,1,0,0,0,0,0,0
2,3,10/12/2021 21:45,10/12/2021 22:00,1,0,0,0,0,0,0
2,4,10/12/2021 21:45,10/12/2021 22:00,0,0,0,0,0,0,0
3,1,10/12/2021 21:45,10/12/2021 22:00,25,0,0,0,0,0,0
3,2,10/12/2021 21:45,10/12/2021 22:00,1,0,0,0,0,0,0
3,4,10/12/2021 21:45,10/12/2021 22:00,2,0,0,0,0,0,0
4,1,10/12/2021 21:45,10/12/2021 22:00,4,0,0,0,0,0,0
4,2,10/12/2021 21:45,10/12/2021 22:00,0,0,0,0,0,0,0
4,3,10/12/2021 21:45,10/12/2021 22:00,6,0,0,0,0,0,0
1,2,10/12/2021 22:00,10/12/2021 22:15,0,0,0,0,0,0,0
1,3,10/12/2021 22:00,10/12/2021 22:15,8,0,0,0,0,0,0
1,4,10/12/2021 22:00,10/12/2021 22:15,2,0,0,0,0,0,0
2,1,10/12/2021 22:00,10/12/2021 22:15,0,0,0,0,0,0,0
2,3,10/12/2021 22:00,10/12/2021 22:15,1,0,0,0,0,0,0
2,4,10/12/2021 22:00,10/12/2021 22:15,0,0,0,0,0,0,0
3,1,10/12/2021 22:00,10/12/2021 22:15,19,0,1,1,0,0,1
3,2,10/12/2021 22:00,10/12/2021 22:15,1,0,0,0,0,0,0
3,4,10/12/2021 22:00,10/12/2021 22:15,5,0,0,0,0,0,1
4,1,10/12/2021 22:00,10/12/2021 22:15,5,0,0,0,0,0,0
4,2,10/12/2021 22:00,10/12/2021 22:15,0,0,0,0,0,0,0
4,3,10/12/2021 22:00,10/12/2021 22:15,12,0,0,0,0,0,1
1,2,10/12/2021 22:15,10/12/2021 22:30,1,0,0,0,0,0,0
1,3,10/12/2021 22:15,10/12/2021 22:30,10,1,0,0,0,0,1
1,4,10/12/2021 22:15,10/12/2021 22:30,4,0,0,0,0,0,0
2,1,10/12/2021 22:15,10/12/2021 22:30,0,0,0,0,0,0,0
2,3,10/12/2021 22:15,10/12/2021 22:30,1,0,0,0,0,0,0
2,4,10/12/2021 22:15,10/12/2021 22:30,1,0,0,0,0,0,0
3,1,10/12/2021 22:15,10/12/2021 22:30,22,0,0,0,0,0,0
3,2,10/12/2021 22:15,10/12/2021 22:30,1,0,0,0,0,0,0
3,4,10/12/2021 22:15,10/12/2021 22:30,5,0,0,0,0,0,0
4,1,10/12/2021 22:15,10/12/2021 22:30,6,0,0,0,0,0,0
4,2,10/12/2021 22:15,10/12/2021 22:30,0,0,0,0,0,0,0
4,3,10/12/2021 22:15,10/12/2021 22:30,16,0,0,0,0,0,0
1,2,10/12/2021 22:30,10/12/2021 22:45,0,0,0,0,0,0,0
1,3,10/12/2021 22:30,10/12/2021 22:45,3,0,0,0,0,0,0
1,4,10/12/2021 22:30,10/12/2021 22:45,1,0,0,0,0,0,0
2,1,10/12/2021 22:30,10/12/2021 22:45,2,0,0,0,0,0,0
2,3,10/12/2021 22:30,10/12/2021 22:45,2,0,0,0,0,0,0
2,4,10/12/2021 22:30,10/12/2021 22:45,1,0,0,0,0,0,0
3,1,10/12/2021 22:30,10/12/2021 22:45,17,0,0,0,0,0,0
3,2,10/12/2021 22:30,10/12/2021 22:45,3,0,0,0,0,0,0
3,4,10/12/2021 22:30,10/12/2021 22:45,4,0,0,0,0,0,1
4,1,10/12/2021 22:30,10/12/2021 22:45,4,0,0,0,0,0,0
4,2,10/12/2021 22:30,10/12/2021 22:45,1,0,0,0,0,0,0
4,3,10/12/2021 22:30,10/12/2021 22:45,6,0,0,0,0,0,0
1,2,10/12/2021 22:45,10/12/2021 23:00,1,0,0,0,0,0,0
1,3,10/12/2021 22:45,10/12/2021 23:00,3,0,0,0,0,0,0
1,4,10/12/2021 22:45,10/12/2021 23:00,2,0,0,0,0,0,0
2,1,10/12/2021 22:45,10/12/2021 23:00,0,0,0,0,0,0,0
2,3,10/12/2021 22:45,10/12/2021 23:00,0,0,0,0,0,0,0
2,4,10/12/2021 22:45,10/12/2021 23:00,0,0,0,0,0,0,0
3,1,10/12/2021 22:45,10/12/2021 23:00,11,0,0,0,0,0,1
3,2,10/12/2021 22:45,10/12/2021 23:00,1,0,0,0,0,0,0
3,4,10/12/2021 22:45,10/12/2021 23:00,3,0,0,0,0,0,0
4,1,10/12/2021 22:45,10/12/2021 23:00,3,0,0,0,0,0,0
4,2,10/12/2021 22:45,10/12/2021 23:00,0,0,0,0,0,0,0
4,3,10/12/2021 22:45,10/12/2021 23:00,4,0,0,0,0,0,1
1,2,10/12/2021 23:00,10/12/2021 23:15,0,0,0,0,0,0,0
1,3,10/12/2021 23:00,10/12/2021 23:15,5,0,0,0,0,0,1
1,4,10/12/2021 23:00,10/12/2021 23:15,1,0,0,0,0,0,0
2,1,10/12/2021 23:00,10/12/2021 23:15,1,0,0,0,0,0,0
2,3,10/12/2021 23:00,10/12/2021 23:15,1,0,0,0,0,0,0
2,4,10/12/2021 23:00,10/12/2021 23:15,1,0,0,0,0,0,0
3,1,10/12/2021 23:00,10/12/2021 23:15,12,0,0,0,0,0,0
3,2,10/12/2021 23:00,10/12/2021 23:15,2,0,0,0,0,0,0
3,4,10/12/2021 23:00,10/12/2021 23:15,1,0,0,0,0,0,0
4,1,10/12/2021 23:00,10/12/2021 23:15,1,0,0,0,0,0,0
4,2,10/12/2021 23:00,10/12/2021 23:15,1,0,0,0,0,0,0
4,3,10/12/2021 23:00,10/12/2021 23:15,5,0,0,0,0,0,0
1,2,10/12/2021 23:15,10/12/2021 23:30,0,0,0,0,0,0,0
1,3,10/12/2021 23:15,10/12/2021 23:30,3,0,0,0,0,0,0
1,4,10/12/2021 23:15,10/12/2021 23:30,2,0,0,0,0,0,0
2,1,10/12/2021 23:15,10/12/2021 23:30,0,0,0,0,0,0,0
2,3,10/12/2021 23:15,10/12/2021 23:30,1,0,0,0,0,0,0
2,4,10/12/2021 23:15,10/12/2021 23:30,0,0,0,0,0,0,0
3,1,10/12/2021 23:15,10/12/2021 23:30,7,0,0,0,0,0,1
3,2,10/12/2021 23:15,10/12/2021 23:30,1,0,0,0,0,0,0
3,4,10/12/2021 23:15,10/12/2021 23:30,3,0,0,0,0,0,0
4,1,10/12/2021 23:15,10/12/2021 23:30,3,0,0,0,0,0,0
4,2,10/12/2021 23:15,10/12/2021 23:30,0,0,0,0,0,0,0
4,3,10/12/2021 23:15,10/12/2021 23:30,7,0,0,0,0,0,0
1,2,10/12/2021 23:30,10/12/2021 23:45,1,0,0,0,0,0,0
1,3,10/12/2021 23:30,10/12/2021 23:45,2,0,0,0,0,0,1
1,4,10/12/2021 23:30,10/12/2021 23:45,1,0,0,0,0,0,0
2,1,10/12/2021 23:30,10/12/2021 23:45,0,0,0,0,0,0,0
2,3,10/12/2021 23:30,10/12/2021 23:45,0,0,0,0,0,0,0
2,4,10/12/2021 23:30,10/12/2021 23:45,1,0,0,0,0,0,0
3,1,10/12/2021 23:30,10/12/2021 23:45,2,0,0,0,0,0,0
3,2,10/12/2021 23:30,10/12/2021 23:45,1,0,0,0,0,0,1
3,4,10/12/2021 23:30,10/12/2021 23:45,2,1,0,0,0,0,1
4,1,10/12/2021 23:30,10/12/2021 23:45,2,0,0,0,0,0,0
4,2,10/12/2021 23:30,10/12/2021 23:45,0,0,0,0,0,0,0
4,3,10/12/2021 23:30,10/12/2021 23:45,1,0,0,0,0,0,0
1,2,10/12/2021 23:45,10/13/2021 0:00,0,0,0,0,0,0,0
1,3,10/12/2021 23:45,10/13/2021 0:00,3,0,0,0,0,0,0
1,4,10/12/2021 23:45,10/13/2021 0:00,0,0,0,0,0,0,0
2,1,10/12/2021 23:45,10/13/2021 0:00,0,0,0,0,0,0,0
2,3,10/12/2021 23:45,10/13/2021 0:00,1,0,0,0,0,0,0
2,4,10/12/2021 23:45,10/13/2021 0:00,0,0,0,0,0,0,0
3,1,10/12/2021 23:45,10/13/2021 0:00,6,0,0,0,0,0,0
3,2,10/12/2021 23:45,10/13/2021 0:00,0,0,0,0,0,0,0
3,4,10/12/2021 23:45,10/13/2021 0:00,2,0,0,0,0,0,0
4,1,10/12/2021 23:45,10/13/2021 0:00,0,0,0,0,0,0,0
4,2,10/12/2021 23:45,10/13/2021 0:00,0,0,0,0,0,0,0
4,3,10/12/2021 23:45,10/13/2021 0:00,4,0,0,0,0,0,0
